address,bathrooms,cost,description,id,rooms,rootmeters,salesperson,title,url
"Barquisimeto, Del Este, Barquisimeto, Lara",2 baños,27.000,"CÓDIGO: 25-11265,Apartamento en venta en zona centro este de Barquisimeto, cómodo y amplio. Cuenta con 3 habitaciones y dos baños, piso medio. Flujo de agua constante.",[1],3 habitaciones,95 m² totales,Inmueblesmya,"Ana Karina Molleja Vende Amplio Apartamento En Zona Este Barquisimeto, Lara /akm ",#820675198
"Avenida Principal De El Cafetal, El Cafetal, Caracas - Baruta (este), Distrito Capital",3 baños,94.000,"100,98m² apto y 76,47m² de terraza techada (la terraza tiene una parte destechada para parrillera y entrada privada al apto). También tiene salida directa al Jardín común del edificio.,3 Hab., 3 Baños, 1 P.E. estacionamiento grande y posibilidades de alquilar otro puesto dentro del edificio.,Apto recién remodelado, terminando actualmente algunos acabados.,Distribución: Gran family o área social con entrada independiente y conectada al patio o área de parrillera, dos habitaciones con baño privado, equipada cocina concepto abierto con tope de cuarzo, sala comedor con gran ventanal y vista al jardín, baño de visitas. La tercera habitación esta en la parte intima de la casa. El family o área social que esta conectada al patio posee un mueble con fregadero y mesón de trabajo.,Se deja la línea blanca (Cocina equipada, lavadora y secadora).,Ambas puertas principales de seguridad, ventanas correderas y paneles de vidrio grandes en los ambientes principales, puerta esmerilada en el área de la cocina, baños y cocina con topes de cuarzo y aire acondicionado en todos los ambientes.,Gas directo.,Agua de lunes a viernes y tanque de 1.200 Lts dentro del apto.,Edif baja densidad en buen estado con jardín y salón de fiesta.",[2],3 habitaciones,177.48 m² totales,Ew20241107193351,"Se Vende Pb Con Terraza, Ubicada En El Boulevard Del Cafetal, Baruta, Caracas.",#767840427
"3m93+qm9, Barquisimeto 3001, Lara, Venezuela, Barquisimeto, Barquisimeto, Lara",3 baños,240,"#25-11294,Apartamento en Alquiler cercano a Centros Comerciales, Abastos, Panaderias y mucho mas. Cercano a Av Principal de Barquisimeto, Cuenta con Vigilancia Privada las 24 horas del dia, cancha deportiva, gas directo, linea cantv, internet y tv por cable, cocina equipada.",[3],4 habitaciones,63 m² totales,Gonzalez Marcos2,Marcos Gonzalez Alquila Bello Y Acogedor Apartamento Zona Oeste Barquisimeto - Lara #25-11294,#820077110
"66-55 C. Araguaney, Barquisimeto 3001, Lara, Venezuela, Barquisimeto, Barquisimeto, Lara",1 baño,32.000,"Descubre tu nuevo hogar en el Este de la Ciudad!. magina despertar cada mañana en un hermoso apartamento ubicado en una de las zonas más deseadas del Este. Con 63 mts² de pura comodidad y estilo, este espacio ha sido diseñado para brindarte la calidad de vida que mereces. Este encantador apartamento cuenta con una habitación espaciosa, perfecta para tu descanso. Disfruta de un acogedor salón- comedor ideal para tus reuniones con amigos y familiares. Su cocina completamente equipada te permitirá explorar tu talento culinario, mientras que el baño, elegante y moderno, ofrece un refugio privado y relajante. Además, ¡olvídate de preocuparte por el espacio de almacenamiento! Este apartamento incluye un maletero amplio y un puesto de estacionamiento techado. Visualiza esas soleadas tardes disfrutando de la luz natural que inunda cada rincón de tu nuevo hogar. La combinación perfecta de espacio y luminosidad, todos los días. Cada detalle de este apartamento ha sido pensado para ofrecerte un entorno confortable y acogedor. La ubicación privilegiada en el Este te brinda acceso a restaurantes, tiendas y parques, convirtiendo cada salida en una aventura. No dejes pasar la oportunidad de hacer de este apartamento tu nuevo hogar. Contáctanos hoy para agendar una visita y experimentar en persona todo lo que este espectacular espacio tiene para ofrecerte. Tu nuevo estilo de vida te está esperando. ¡Haz la mudanza de tu vida! Maria Elena Oropeza",[4],1 habitación,63 m² totales,Carrasquel Torres,"Ma Elena Oropeza Vende Encantador Cómodo Apto En Del Este, Lara Cod 25-8423",#819920070
"Barquisimeto, Barquisimeto, Barquisimeto, Lara",1 baño,230,"Comodidad y practicidad en el centro! Este estudio, diseñado para ofrecer el máximo confort, cuenta con todos los servicios básicos que necesitas: agua y luz constante. Ideal para parejas, solteros o pequeñas familias, este espacio te brinda la libertad de tener a tus mascotas contigo. Ubicado en una zona estratégica, tendrás fácil acceso a transporte público, comercios y servicios. ¡No busques,más, tu nuevo hogar te espera!",[5],1 habitación,30 m² totales,Rahdeleste,"Dennymar, Alquila Apartamento Ubicado En Zona Centro Con Facil Acceso A Comercios, Transporte Publico. Ideal Para Ti Que Estas Independizándote, Contáctame. B598f5",#768030287
"Barquisimeto, Otros, Barquisimeto, Lara",,150.000,"Cerca de principales Avenidas,ideal para deposito ,687 mts2 de terreno ,550 mts2 de construcción,3 Oficinas más área con aire acondicionado de 18.000 BTU,3 Baños,Sistema de cámaras DVR,Energía eléctrica monofásica,Techo altos de buena resistencia Mezzanina amplia Garita de Vigilancia,INVERSIÓN: $150.000,CANON $1.000,Contáctanos para apoyarte con nuestra asesoría:,0414-578.21.21",[6],3 baños,687 m² totales,Noguerainmuebles,Gustavo Viloria Galpón En Venta O Alquiler En Zona Centro De Barquisimeto Lara Casco Histórico,#815435044
"Residencia San Antonio Detras C.c. Unicentro Base Aragua  Sn, Base Aragua, Girardot (Maracay), Aragua",5 baños,2.000,"Inversiónes BIENPROIN en Alianza Promociona Moderno Apartamento en Alquiler a Estrenar ubicado en Residencia San Antonio I Base Aragua al lado del C. C. Unicentro Maracay Maracay Estado Aragua,Data Nueva y acabados Modernos,Cuenta con un espacio de 269 Mts² aproximadamente ,4 Habitaciones con closets ,5 Salas de Baño modernas con pareduches de vidrio templado,Amplia terraza con Area de BBQ y Lavandería ,Cocina de Lujo equipada concepto Abierto ,A/A En todos los ambientes,3 Puestos de Estacionamiento ,1 Maletero,El conjunto cuenta con planta electrica total y Vigilancia Privada 24/7 ,Canon de Arrendamiento Ref. 2000,Visité está estupenda propiedad en Alquiler con Nosotros,Contáctenos Somos BIENPROIN Marcando la Diferencia en el Mundo Inmobiliario",[7],4 habitaciones,269 m² totales,Bienproin2023,Moderno  Lujoso Apartamento Amoblado San Antonio Base Aragua,#817917986
"3mcx+vhx, Carrera 24, Barquisimeto 3001, Lara, Venezuela, Barquisimeto, Barquisimeto, Lara",3 baños,115.000,El vendedor no incluyó una descripción del inmueble.,[8],3 habitaciones,172 m² totales,Remi,Apartamento Duplex Moderno De 172m2,#818142842
"Urbanizacion El Pedregal, El Pedregal, Barquisimeto, Lara",4 baños,110.000,"Apartamento de 163 m2 ,3 habiptaciaones con Baño,Sala Comedor y Área de Cocina más Balcón Integradas ,Pisos Porcelanato, Instaciones para AIRE/ACOND INTEGRAL,Planta Eléctrica ,Pisos bajo ,2 Puestos Techados , Vigilancia ,Más información INMVERSO LARA,POSIBLE FINANCIAMIENTO HASTA 6 MESES INICIAL MÍNIMA 60%,Más Información: ,INMVERSO LARA,Julio Hernandez 04149515385",[9],3 habitaciones,163 m² totales,Vendedor,Apartamento En El Pedregal,#817961646
"San Román, Caracas - Baruta (norte), Distrito Capital",4 baños,285.000,"Apartamento en Lomas de San Román con bella vista al Ávila.,164Mts distribuido en:,3 Habitaciones con aire acondicionado+ Servicio,2 Baños completos + Servicio,1/2 Baño de visitas.,La Habitación principal tiene baño y vestier.,Salon / Comedor Integrados con aire central.,Terraza,Maletero.,El edificio cuenta con:,- Gran tanque de agua por lo que no tienen problemas de racionamiento.,- Piscina,- Gimnasio,- Parque Infantil,- Parque para perros,- Puestos de Visitantes.,Una excelente inversión en una de las mejores zonas de Caracas.,(IV/AR300)",[10],3 habitaciones,164 m² totales,Tuc Ivgpsinmobiliario,Bello Apartamento En Lomas De San Román,#815621204
"Carretera Nacional Guarenas Guatire 0, Zamora, Miranda",2 baños,25.200,"Apartamento en venta en la Urb. Alto Grande, Guatire,1 era etapa - Piso 1,64m², pisos de porcelanato, techos con luces y cenefas en drywall,Sala comedor,Cocina en concepto abierto remodelada,2 habitaciones con closets ,2 baños,1 puesto de estacionamiento ,CANTV ABA,Internet por fibra óptica ,Vigilancia privada, salones de fiesta, churuatas, parques infantiles, iglesia y áreas verdes,Centro comercial Alto Grande a la salida de la urbanización el cual cuenta con las únicas canchas de pádel en Guatire, gimnasio, parque para niños, heladería, escuela de karate y diversos comercios nuevos,A dos minutos de la autopista para Caracas,Inventario básico:,3 aires acondicionados (sala y habitaciones),Cocina integrada,Campana ,Calentador Termotronick ,Lavadora ,Secadora ,Microondas",[11],2 habitaciones,64 m² totales,Nokoinmuebles,"Apartamento En Venta En La Urb. Alto Grande, Guatire.",#817946254
"Barquisimeto, Otros, Barquisimeto, Lara",4 baños,170.000,"NOGUERA INMUEBLES     #7333864,ELIZABETH NOGUERA APARTAMENTO EN VENTA CON PLANTA ELECTRICA ZONA EXCLUSIVA PISO ALTO ZONA ESTE DE BARQUISIMETO ,AMOBLADO,Salón de fiesta,Planta eléctrica,Puestos de estacionamiento para visitante,Conjunto Exclusivo,Vista Al Valle,Área creativa para niños,2 Maleteros,PISO ALTO,195 mts2,PLANTA ELÉCTRICA,4 Habitaciones (principal con vestier),4 Baños,Family Room,Aire Acondicionado Integral,2 Puestos de estacionamiento (sótano),2 Maleteros,AMOBLADO,INVERSIÓN: $170.000,Contáctanos para apoyarte con nuestra asesoría:,0414-355.82.38",[12],4 habitaciones,195 m² totales,Noguerainmuebles,Gv Apartamento En Venta Con Planta Electrica Zona Exclusiva Piso Alto Zona Este De Barquisimeto ,#820255776
"3pvc+m6p, Barquisimeto 3001, Lara, Venezuela, Barquisimeto, Barquisimeto, Lara",2 baños,32.000,"""Cód. # 24-13595 ,Cambia tu Estilo de vida! ,Lcdo. JOSE LOPEZ  Asesor Profesional  Rent-A-House Vende  Hermoso, moderno y cómodo apartamento  en Urbanismo prestigioso en Sotavento, distribuido con 3 habitaciones, 2 baños, cocina moderna, amplia sala, área de servicios, 2 puestos de estacionamiento techado. Además cuenta con área social, piscina, gimnasio, cancha deportiva, parque infantil, entre otros. "" ¡No dejes pasar esta oportunidad! Contáctame hoy y agenda tu visita """,[13],3 habitaciones,82 m² totales,Carrasquel Torres," *jl/ubicación  Privilegiada!  Apartamento Con Excelente Área Social Con Piscina En Venta. Zonaoeste Barquisimeto  Lara, Venezuela/ Jose Lopez / #  24-13595 / 82 M² ",#820000974
"Barquisimeto, Del Este, Barquisimeto, Lara",1 baño,20.000,"Jhoselin Marcano Vende,Comodo Apartamento en Venta Ubicado an pocos metros de la Av Lara, Zona Este. consta de 2 amplias Habitaciones 1 Bano, sala, comedor, Cocina y Area de lavanderia. Cercano a Universidad, Transporte publico, iglesia, supermercados. Agenda tu cita con tu asesor de confianza",[14],2 habitaciones,68 m² totales,Aa20241022222925,"25-11127 Jhoselin Marcano Vende  Comodo Apartamento En Venta Ubicado An Pocos Metros De La Av Lara, Zona Este. Consta De 2 Amplias Habitaciones 1 Bano, Sala, Comedor, Cocina Y Area De Lavanderia. Cerc",#820077266
"Urbanización Nueva Segovia, Barquisimeto, Barquisimeto, Barquisimeto, Lara",3 baños,350,"Daniela Linarez,Mls 25-11177,Amplio y cómodo apartamento amoblado al Este de Barquisimeto, zona Estratégica y Privilegiada. Cuenta con 3 habitaciones, 2 baños, sala, cocina, comedor, área de servicios, balcón, 1 habitación y 1 baño de servicios. Además ofrece planta, 1puesto de estacionamiento, área social, áreas verdes, parque, camineras y vigilancia las 24 horas.",[15],3 habitaciones,92 m² totales,Rentahouse Danielalinarez,Daniela Linarez Alquila Apartamentos En El Este De Barquisimeto Zona Exclusiva Amoblado Vigilancia Las 24 Horas Bellas Areas Sociales Conectado A Planta Electrica.                                     ,#820493500
"Avenida Venezuela Entre Bracamonte Y Leones 11, Barquisimeto, Barquisimeto, Lara",1 baño,67,"SE ALQUILA APTO POR DIA.,Totalmente equipado. ,Artefactos.,1 hab. Cama king. (lenceria).,1 Baño.,A/A.,Wifi.,Calentador de Agua,Tv.,Planta Eléctrica. ,1 puesto de estacionamiento ,Tabulador,1 A 6 dias 67$. x dia,7 A 14 dias 63$ x dia,15 dias en 59$ x dia.,Se permite mascota un adicional de 15$ un pago unico ,Condiciones. ,  Para reservar.se requiere prepagar.,pagos via zelle, efectivo, deposito en cuenta custodio. o Bs a tasa Bcv. ,Un deposito de 100$ . al ingreso . que sera devuelto en la entrega del inmueble. ,Hora de Ingreso. 3.00 pm . ,              Salida.   12.pm",[16],1 habitación,70 m² totales,Tuc Ivgreenhouse3000ca,Se Alquila Apto Estudio Por Dia Barquisimeto ,#805494498
"Los Naranjos, Los Naranjos, Caracas - El Hatillo (norte), Distrito Capital",4 baños,129.000,"Apartamento en Venta en Los Naranjos del Cafetal de 178mts2,Este hermoso apartamento se encuentra ubicado en la exclusiva zona de Los Naranjos del Cafetal.,Con una amplia área de 178mts2, este inmueble ofrece espacios cómodos y funcionales para una familia que busca un hogar en una zona privilegiada y se encuentra distribuido en:,3 Habitaciones, ideales para albergar a una familia numerosa.,4 Baños que garantizan la comodidad y privacidad de cada miembro del hogar.,1 Puesto de estacionamiento techado, ideal para los que poseen vehículo y desean tenerlo seguro y protegido.,Entre las características internas de este inmueble, destaca la posibilidad de tener mascotas, lo que lo hace ideal para aquellos que aman a sus animales y desean tenerlos en su hogar.,El apartamento cuenta con todas las comodidades necesarias para una vida confortable, como lo son el agua, gas domiciliario, electricidad, aire acondicionado y armarios empotrados en cada habitación. ,Posee un balcón con espectaculares vistas panorámicas, ideal para relajarse y disfrutar del aire fresco de la zona. También incluye un calentador, una cocina completamente equipada y ventanas dobles que proporcionan una excelente iluminación y aislamiento acústico.,En cuanto a sus características externas, este apartamento tiene acceso pavimentado, lo que garantiza una fácil entrada y salida del inmueble en todo momento. ,El edificio tiene disponible una amplia área social con salón de fiestas y parrillera,En cuanto a seguridad posee vigilancia privada 24 horas para la tranquilidad de sus habitantes.,Rodeado de hermosos jardines y parques, este apartamento está ubicado en una zona residencial tranquila y segura, ideal para aquellos que buscan vivir en un lugar apacible y rodeado de naturaleza.,La ubicación es privilegiada, ya que se encuentra cerca de principales vías y del transporte público, lo que facilita el acceso a otras zonas de la ciudad, cerca de centros comerciales, gimnasios y parques. ,En resumen, este apartamento es la oportunidad perfecta para aquellos que buscan vivir en un inmueble amplio, cómodo y seguro, rodeado de naturaleza y con todas las comodidades necesarias para una vida plena.a. i privada",[17],3 habitaciones,178 m² totales,Benaventabienesraices,Apartamento En Venta En Los Naranjos Del Cafetal 178mts2,#767532687
"3p86+3h4, Av Lara, Barquisimeto 3001, Lara, Venezuela, Del Este, Barquisimeto, Lara",3 baños,380,"Alquiler de amplio apartamento en el este de Barquisimeto. Ubicación estrategica, muy cerca de centros comerciales, clinicas, farmacias, panaderias, el transporte público pasa justo en frente, consta de 3 Habitaciones, 3 baños, estacionamiento techado y agua sin racionamiento. Contacta tu asesor Rent A House de confianza. ,Cod: 25-10626",[18],3 habitaciones,106 m² totales,Eloisabermudezrah,Alquiler De Apartamento En El Este De Barquisimeto @eloisabermudez.rah,#820834184
"Barquisimeto, Del Este, Barquisimeto, Lara",2 baños,350,"Jhoselin Marcano Alquila,Apartamento en Alquiler Urbanización del Este Barquisimeto, Muy Cerca del C.C Sambil, con planta Eléctrica para areas Comunes , Tres habitaciones, dos baños, Dos puestos de Estacionamiento, gas directo por bombona industrial.",[19],3 habitaciones,95 m² totales,Aa20241022222925,"25-11276 Jhoselin Marcano Alquila Apartamento En Alquiler Urbanización Del Este Barquisimeto, Muy Cerca Del C.c Sambil, Con Planta Eléctrica Para Areas Comunes , Tres Habitaciones, Dos Baños, Dos Pues",#820076780
"Las Mercedes, Caracas - Baruta (norte), Distrito Capital",2 baños,395.000,"APARTAMENTO PLANTA BAJA EN VENTA,Urb. Las Mercedes,A ESTRENAR ,Apto. Tipo PB 2: ,Total área: 88 m2. 82m2, más 6 m2 de terraza.,Salón- Comedor,Cocina concepto abierto,Habitaciones: 2 ,Baños: 2     ,Puesto de estacionamiento: 2,Maletero: 1,Nivel de acabados: Terminado y amoblado.,El Edificio cuenta con pozo de agua propio; piscina en el Roof Top con vista 360 grados; Bar Lounge Exterior; Gimnasio; Lobby amplio y moderno; 3 niveles de estacionamiento y vigilancia privada 24/7.,También hay otros apartamentos disponibles de 82m2 y 100m2.",[20],2 habitaciones,88 m² totales,Premiumcentury20231101143945,Venta De Apartamento Planta Baja En Las Mercedes,#809756544
"Urbanización Base Aragua Los Flamingos  Sn, Base Aragua, Girardot (Maracay), Aragua",2 baños,350,"Inversiones BIENPROIN Promociona Apartamento en Alquiler Amoblado Ubicado en la Urbanización Base Aragua Maracay Estado Aragua ,Cuenta con 89 mts2 aproximadamente ,02 Habitaciones con sus closets ,02 Baños Actualizados ,Sala,Comedor,Cocina Equipada ,01 Puesto de Estacionamiento ,Canon de Arrendamiento Ref 350 incluye el condominio sin los servicios ,Negociación sencilla,Visité está propiedad en alquiler con nosotros Contactenos Somos BIENPROIN Marcando La Diferencia en Mundo Inmobiliario",[21],2 habitaciones,89 m² totales,Bienproin2023,Urb. Base Aragua Apartamento Amoblado En Alquiler ,#820013916
"Urbanización Base Aragua  Sn, Base Aragua, Girardot (Maracay), Aragua",2 baños,350,"Inversiones BIENPROIN Promociona en Alquiler Apartamento Amoblado en la Urbanización Base Aragua Maracay Estado Aragua ,02 Habitaciones con sus closets y aires acondicionados ,02 Baños Actualizados ,Sala,Comedor,Cocina Equipada concepto abierto ,01 Puesto de Estacionamiento ,Gas Directo ,Pozo Propio,Vigilancia privada,Canon de Arrendamiento Ref. 350,Incluye el condominio ,Visité está propiedad con nosotros Contactenos Somos BIENPROIN Marcando La Diferencia en Mundo Inmobiliario",[22],2 habitaciones,90 m² totales,Bienproin2023,Base Aragua Apartamento En Alquiler Amoblado ,#818879724
"X5qv+2h9, Pampatar 6316, Nueva Esparta, Venezuela, Playa Moreno, Margarita (este), Nueva Esparta",2 baños,60,"Se alquila por días, semanas o 1 mes,EL PRECIO PUBLICADO ES PARA 4 HUESPEDES EN TEMPORADA BAJA,SE ALQUILA UN MÍNIMO DE 3 NOCHES EN TEMPORADA BAJA,LOS HUESPEDES ADICIONALES TIENEN UN COSTO DE 10$ C/U HASTA UN MAXIMO DE 8 HUESPEDES (TODOS EN CAMA),BEBES DE 2 AÑOS EN ADELANTE FORMAN PARTE DEL NUMERO TOTAL DE HUESPEDES,LAS MASCOTAS TIENEN UN COSTO ADICIONAL POR NOCHE DE 10$ ,A LA ENTRADA SE LE SOLICITARÁ UN SERVICIO DE LIMPIEZA Y LAVANDERIA DE 1 DIA Y UN DEPÓSITO EN GARANTIA DE 300$ (EL DEPOSITO SERA REEMBOLSABLE A LA SALIDA DEL HUESPED), ,POSEE 1 PUESTO DE ESTACIONAMIENTO ,DISTRIBUCION:,HABITACION PRINCIPAL CON BAÑO PRIVADO Y CAMA QUEEN Y TV,HABITACION SECUNDARIA CON CAMA MATRIMONIAL,SALA CON TV ,TANQUE DE AGUA,INTERNET DE FIBRA OPTICA,AIRE ACONDICIONADO CENTRAL EN TODOS LOS AMBIENTES,CAMAS ADICIONALES EN CASO DE HUESPEDES ADCINALES HASTA UN TOTAL MAXIMO DE 8 HUESPEDES",[23],2 habitaciones,74 m² totales,Tuc Ivspmargarita,Apartamento Vacacional En Isla Margarita Cerca Del Downtown Del Tibisay De 2 Habitaciones En Playa Moreno Isla Margarita ,#768151373
"Lomas Del Sol, Caracas, Lomas del Sol, Caracas - El Hatillo (norte), Distrito Capital",5 baños,2.800,"En Alquiler, lujoso e impecable Pent House en la Urb. Lomas del Sol. Con 195 m² de diseño moderno y una espectacular terraza de 31 m² que ofrece vistas inigualables al Ávila y a Caracas, este hogar es un verdadero oasis. La amplia cocina con isla se integra perfectamente al área social, creando un espacio ideal para compartir momentos inolvidables. Consta de 1 hab. principal con baño privada y  vestier, además de 3 habitaciones auxiliares y 3 baños adicionales. Posee habitación de servicio con baño, 3 puestos de estacionamiento y 1 maletero, ,El edificio cuenta con magníficas áreas sociales, piscina, salón de fiesta, gimnasio y parque infantil, todo bajo vigilancia 24 horas y un excelente mantenimiento. AGUA CONSTANTE. No dejes pasar esta oportunidad! MLS #25-10704. Agenda tu visita",[24],4 habitaciones,226 m² totales,Bs20240903165503,"Mr - Alquiler Pent House Lomas Del Sol, 226 Mt2, Terraza, Vista Al Ávila, 4h, 4b, 3e",#820181680
"Montepino, Caracas - Baruta (sureste), Distrito Capital",2 baños,35.000,"Apartamento en Venta,Baruta - Caracas,Res. Montepino,Para Remodelar,Área 100 m2,3 habitaciones,2 baños,1 puesto para 2 carros,1 maletero,Cocina empotrada,Lav/Sec y Nevera,Tanque con bomba,Piso alto,Reja Multilock,Vista al Ávila",[25],3 habitaciones,100 m² totales,Conexgrupo20231017175457,Se Vende Apartamento 100m2 3h/2b/1p Montepino Baruta 1221,#816439670
"Barquisimeto, Lara, Venezuela, Barquisimeto, Barquisimeto, Lara",6 baños,140.000,"Raiza Suarez vende Espectacular Penthouse de tres niveles con vista panorámica y planta electrica. al oeste de Barquisimeto.,Distribuido en 5 habitaciones, 2 de ellas con vestier y baño interno, 3 baños completos y 3 medios baños en las áreas sociales. Dispone de 1 amplia sala, 1 family room, 1 sala comedor y 3 terrazas.,En el tercer nivel se encuentra el skybar, un espacio ideal para compartir,Cuenta con 4 puestos de estacionamiento y 2 maleteros.,un lugar ideal para hacerlo el Hogar De tus Sueños,contactame para informacion!",[26],5 habitaciones,380 m² totales,Rahdeleste,"Raiza Suarez Vende Amplio Y Espectacular Penthouse De Tres Niveles Al Oeste De Barquisimeto. - 2 4 4 0 8 7- Dispone De Planta Electrica, Family  Room, Terraza,  Skybar, Seguridad Y Vigilancia 24 Horas",#767143991
"Avenida Los Leones, Barquisimeto, Barquisimeto, Lara",5 baños,160.000,"Excelente y amplio Apartamento Duplex ubicado en Exclusivo Urbanismo del este de la ciudad de Barquisimeto. Su amplitud lo hace acorde para la comodidad de la familia. En PB podemos encontrar Sala - comedor espacioso con vista panoramica a la av. Los Leones. Cocina en excelente estado, área de lavado y habitación de servicio, baño de visita.",[27],4 habitaciones,268 m² totales,Inmueblesrentahousebqto,Manuel Perez Vende Excelente Apartamento Cercano Al Centro Comercial Las Trinitarias De Barquisimeto Mls#25-4263,#812547984
"Centro Comercial Ciudad Paris Oficina 4-19, Barquisimeto, Barquisimeto, Lara",4 baños,240.000,"Espectacular Penthouse de 237m2 en obra gris en uno de los mas modernos y exclusivos condominios de la ciudad. El mismo cuenta con 2 niveles, en el nivel superior que cuenta con doble altura, encontrara area de sala-comedor, cocina, area de servicio y medio baño para visitas, todo estos amplios ambientes se encuentran enmarcados con balcones y ventanales con vista a los valles del turbio.,Este nivel Cuenta con una amplia terraza en la cual podras diseñar un espacio para compartir en familia y amigos al aire libre con una vista exclusiva. En la parte inferior encontraras 3 habitaciones cada una con sus respectivas salas de baño, la principal cuenta con vestier y balcon, la secundaria cuenta con vestier, todas ellas con amplios ventanales hacia el turbio, a todo esto se le suma un area en el cual podras diseñar un acogedor estar. Consta con 4 puestos de estacionamiento techado y maletero.En este condominio encontraras bellas areas comunes en donde destacan cancha de tenis, cancha de futbol con cesped artificial, parque infantil, piscina, area de picnic con parilleras y gimnacio. A todas estas bondades se le suman servicio de agua y gas constante, planta electrica para areas comunes y apartamento. Esta excelente opcion esta ubicada en la mejor zona del este de la ciudad.,Contactanos, somos Rent a House, los mejores profesionales inmobiliarios y te ayudaremos a conseguir el inmueble que deseas.,Código 24-28878",[28],3 habitaciones,237 m² totales,Inmueblesrentahousebqto,Florimar Dávila Vende Apartamento En Terra Tiuna.fd24-28878,#811251272
"Centro Comercial Ciudad Paris Oficina 4-19, Barquisimeto, Barquisimeto, Lara",3 baños,200.000,"Renta House trae para ti Apartamento de lujo en exclusivo conjunto residencial al este de la ciudad con planta eléctrica, cancha de futbol, Cancha de tenis, Lobby, piscina, gimnasio y áreas para el disfrute familiar, el Inmueble cuenta con 171,09 mts2 distribuidos, en una habitación principal con vestier y baño, adicionalmente 2 habitaciones y 2 baños, piso de porcelanato,Cocina moderna, con sus area de deposito y la sala comedor con vidrios para asi brindar una excelente vista.,Contactanos, somos Rent a House, los mejores profesionales inmobiliarios y te ayudaremos a conseguir el inmueble que deseas.,Código 23-31545",[29],4 habitaciones,171 m² totales,Inmueblesrentahousebqto,Florimar Dávila Vende Apartamento En Terra Tiuna. Fd 23-3154,#811277146
"Barquisimeto, Barquisimeto, Barquisimeto, Lara",2 baños,19.500,"%En Venta Comodo y Fresco Apartamento ubicado al Céntro de la Ciudad, en Estratégica Comercial para acondicionarlo a tu Gusto. Con buena Iluminación y confort para invertir en Tu Nuevo Hogar. Cuenta de 3 Habitaciones, 2 Baños, Sala-Recibo, Comedor, Cocina, Balcón. Fácil acceso al Transporte Publico cerca de Panaderías, Farmacias, Colegios, Mercados públicos, etc. Con Hermosa Vista Panoramica permitiendo Ventilacion y Frescura . Lo puedes acondicionar y remodelar a tu Gusto. Solicita tu Cita a un Asesor de Rent-A-House..,#25-5589,#apartamentoenventa, #apartamentoalcentro, #vistapanoramica, #ascensor",[30],3 habitaciones,92 m² totales,Tuc Ivrentahouseimp,"% Carlina M. Vende Comodo Apartamento Para Remodelar, #apartamentoenventa, #apartamentoalcentro, #vistapanoramica, #ascensor",#813034070
"Barquisimeto, Barquisimeto, Barquisimeto, Lara",2 baños,19.000,"Apartamento en venta ubicado en zona Centro Oeste de Barquisimeto. Piso bajo. Consta de 77mts, 3 habitaciones, 2 baños, pisos de cerámica, cocina mampostería, tanque cilíndrico. Su excelente ubicación le permite tener cerca diversos comercios, Colegios, Universidad. Gran oportunidad para invertir y tener hogar propio. No pierda esta oportunidad. CODIGO25-170",[31],3 habitaciones,77 m² totales,Tuc Ivrentahouseimp,Iris Marin Vende Apartamento Excelente Ubicacion En Zona Centro Barquisimeto Icm,#818853772
"Barquisimeto, Barquisimeto, Barquisimeto, Lara",2 baños,70.000,"25-4408,Este apartamento en venta en la zona este de la ciudad, construcción nueva que cuenta planta eléctrica, ubicado en una zona privilegiada de la ciudad. Definitivamente. es una excelente oportunidad para vivir en un lugar con todas estas comodidades y disfrutar de una vista impresionante. ¡No dudes en visitarlo y conocer más detalles",[32],2 habitaciones,89 m² totales,Ml20241010174232,"Mc Cormick, Vende Apartamento El Pedregal Barquisimeto Lara  Lmc **",#818918982
"Urb. Del Este, Barquisimeto, Barquisimeto, Barquisimeto, Lara",2 baños,28.000,"Raiza Suarez vende Amplio y conservado Apartamento Ubicacion Estrategica en la Urbanizacion del Este con facil acceso a la Avenida Lara y doble acceso tanto por la avenida 20 y por la Urbanizacion Del Este. El Apartamento cuenta con 3 Amplias habitaciones y 2 baños. Area de 124 M2. Habitación principal con baño privado y bañera. Cocina concepto abierto lista para modernizar, Sala - Comedor amplio y,excelente distribucion. Balcon con vista panomica hacia el country club.,Adicional cuenta con un area de servicio totalmente independiente, con alacenas y area de lavado.,El edificio cuenta con ascensor en funcionamiento, área social, bellas áreas verdes. gas a granel. Tanque Subterraneo y Tanque Aéreo.",[33],3 habitaciones,124 m² totales,Mlrahdeleste,% Raiza Suarez Vende Amplio Y Conservado Apartamento En Exclusiva Y Estrategica Zona Del Este De Barquisimeto 2 5 1 0 2 7 7 Posee 3 Habitaciones 2 Baños Excelentes Acabados Alta Seguridad             ,#819563450
"Barquisimeto, Nueva Segovia, Barquisimeto, Lara",3 baños,75.000,"Trigo para ti Espectacular Apartamento en el corazón del este de Barquisimeto. En el cual encontraras amplias e iluminadas áreas de sala y comedor sumado a una bella cocina concepto abierto con desayunador, bellos pisos de porcelanato,amplia habitación principal con vestier y bano privado, 2 habitaciones adicionales con amplios closets y baño compartido y un medio baño de uso general. Amplia área de servicio,Conjunto exclusivo el cual cuenta con bellas areas recreativas, Planta Electrica para areas comunes y para completa operatividad del apartamento, 2 puestos de estacionamiento techados, 2 ascensores modernos y totalmente operativos, espectacular sala de reuniones y fiestas. Vigilancia privada las 24h del dia. A Todas estas bondades se le suman los principales centros comerciales, red de farmacias y clínicas de la zona. No esperes mas y pide tu cita a tu asesor de confianza.",[34],3 habitaciones,109 m² totales,Inmueblesmya,"Estefani Salon Vende, Espectacular Apartamento En Nueva Segovia, Lara Mls#25-10005",#819512758
"3p9c+5q7, Barquisimeto 3001, Lara, Venezuela, Nueva Segovia, Barquisimeto, Lara",3 baños,75.000,"Codigo 25-10005, Espectacular Apartamento en el corazon del este de Barquisimeto. En el cual encontraras amplias e iluminadas areas de sala y comedor sumado a una bella cocina concepto abierto con desayunador, bellos pisos de porcelanato,amplia habitacion principal con vestier y bano privado, 2 habitaciones adicionales con amplios closets y bano compartido y un medio bano de uso general. Amplia area de servicio,Conjunto exclusivo el cual cuenta con bellas areas recreativas, Planta Electrica para areas comunes y para completa operatividad del apartamento, 2 puestos de estacionamiento techados, 2 ascensores modernos y totalmente operativos, espectacular sala de reuniones y fiestas. Vigilancia privada las 24h del dia. A Todas estas bondades se le suman los principales centros comerciales, red de farmacias y clinicas de la zona. No esperes mas y pide tu cita a tu asesor de confianza.",[35],3 habitaciones,109 m² totales,Inmueblesmya,"Ana Karina Molleja Vende Espectacular Apartamento En El Este De Barquisimeto, Nueva Segovia ,lara /akm",#819856238
"Urbanizacion Base Aragua, Maracay, Base Aragua, Girardot (Maracay), Aragua",3 baños,120.000,"JS BIENES RAÍCES vende fabuloso apartamento totalmente remodelado a estrenar ubicado en Residencias San Gabriel II en la Urbanización Base Aragua con 112 mtrs2 distribuidos en 3 cómodas habitaciones, 3 baños completos, sala-comedor, cocina empotrada y equipada, área de lavandería, 2 puestos de estacionamiento y 1 maletero. el apartamento cuenta con pisos de porcelanato, 4 aires acondicionados, ventanas panorámicas, excelente distribución, planta eléctrica general y pozo de agua.,Llama ya!!,Agenda tu Cita",[36],3 habitaciones,112 m² totales,Jspublicacionesadmon,Apartamento En Venta Remodelado A Estrenar En Base Aragua Res. San Gabriel Ii. 002jsc,#817866200
"Calle Los Uveros, Costa Azul, Margarita (este), Nueva Esparta",2 baños,55.000,El vendedor no incluyó una descripción del inmueble.,[37],2 habitaciones,70 m² totales,Tuc Ivspmargarita,Apartamento En Venta En Isla Margarita De Planta Baja Con Planta Eléctrica Y Agua Permanente,#768187491
"Country Club, Caracas - Chacao (norte), Distrito Capital",3 baños,590.000,"Hermoso Apartamento Planta Baja, remodelado ubicado en el Country Club de Caracas.,Cuenta con 305m de construcción y 115m de jardín para un total de 420m Aprox.,4 habitaciones amplias + Hab de Servicio, de las cuales 2 poseen Vestier baño y balcón.,3 puestos de Estacionamiento,2 maleteros,Terraza privada con vista al Ávila. ,Planta eléctrica de 17kva, tanques de agua privados más 2 del edificio de 60 mil litros, electrodomésticos inteligentes y mucho más.,Es un edificio de 2 pisos, solo 4 apartamentos,El inmueble ocupa toda la planta baja del edificio y es muy amplio y agradable.,Se vende sin muebles",[38],5 habitaciones,420 m² totales,Benaventabienesraices,Apartamento Planta Baja En Venta En El Country Club De Caracas,#818692674
"Avenida Principal Sky Park, Las Mercedes, Caracas - Baruta (norte), Distrito Capital",1 baño,139.000,"Vivir y alquilar: La combinación perfecta, para disfrutar y generar ingresos!!!,Ubicada en la prestigiosa Avenida Principal de Las Mercedes. SKY PARK  más que un proyecto, es una innovadora propuesta que transformará tu forma de vivir y trabajar, que combina comercios, oficinas y aparto suites en un solo lugar. ,Te invitamos a ser parte SKY PARK, exclusivo desarrollo, ganador del Premio Nacional de Arquitectura 2024 como Mejor Proyecto en Ejecución, otorgado por el Colegio de Arquitectos de Venezuela ( XIV Bienal Venezolana de Arquitectura) diseñado por la reconocida Arq. Vivian Dembo.,                   ¡Descubre SKY PARK! Tu Inversión Ideal en Las Mercedes!,Ubicación: Av. Principal de Las Mercedes, Urb. Las Mercedes, Municipio Baruta, Caracas.,Características del apartamento:,Microliving independiente ,Superficie: 36.40m2 ,Apartamento de un ambiente, tipo suite (habitación, baño completo, área de kitchenette, closet y área de lavandería).,Características del Edificio:,Valet Parking,Piscina con espectacular vista al Ávila,Restaurante,Sala VIP de cine,Bodega de vinos,Kitchen Room,Spa,Business Center,Fitness Center,Simulador de Golf,Servicios:,Exclusivas amenidades y servicios 24/7,Limpieza de habitaciones,Entrega de correspondencia,Alquiler de salas de reunión,Serenity Room,Despertador,Este apartamento es un cómodo microliving, con diseño moderno, inteligente, distribución eficiente, vistas espectaculares en todas sus ubicaciones donde podrás disfrutar del hermoso verde del icónico Ávila, el verdor de los Campos de Golf de Valle Arriba y las mejores vistas de la ciudad.,En SKY PARK podrás disfrutar del lujo y confort que te darán una experiencia única.,También disponemos de microliving de 34,66m2, 36,39m2, 38,24m2, 43,72m2, 44,29m2, 44,40m2 y 47,76m2. (Consultar precios)., Precio: $139.000,00",[39],1 habitación,36.4 m² totales,Premiumcentury20231101143945,"Venta De Apartamento De Lujo En Torre Sky Park, Las Mercedes",#814812482
"Barquisimeto, Barquisimeto, Barquisimeto, Lara",2 baños,35.000,"Espectacular apartamento remodelado, en piso medio,compuesto por 3 habitaciones, 2 banos, sala, cocina moderna semi equipada, comedor, tanque cilindrico de 1000 lts, 1 puesto de estacionamiento y vigilancia privada. Ubicado en una de las principales avenidas de la ciudad, cercano a comercios, colegios, clinicas, iglesias, restaurantes. No esperes masa y contacta a tu asesor de confianza.",[40],3 habitaciones,88 m² totales,Saan2719129,"Erika Armeya Vende Apartamento, Avenida Lara De Barquisimeto. Flex: 25-1202 ",#810239390
"Barquisimeto, Barquisimeto, Barquisimeto, Lara",2 baños,16.500,"Cómodo Apartamento, con amplia Sala Comedor, cocina en mampostería con tope horno y campana, 3 habitaciones con sus closets, la principal con Baño, y un baño auxiliar disponible en pasillo, teléfono Canv con Abba. Estacionamiento techado, gas por tubería, agua desde los sábados a miércoles constante Muy cerca de la Florencio Jiménez,**CONTACTAME** ,COMO  TU ASESOR DE INMOBILIARIO ,JOSE PARRA SOMOS RENT-A-HOUSE BARQUISIMETO",[41],3 habitaciones,84.55 m² totales,Saan2719129,Apartamento En Venta Al Oeste De Barquisimeto Cod 24-28395 Jpg,#816535548
"Urbanización Patarata, Barquisimeto, Patarata, Barquisimeto, Lara",2 baños,32.000,"Valeria Chong,Profesional Inmobiliario,Venta de Apartamento,Descubre este hermoso apartamento remodelado que combina comodidad y estilo. Con 3 amplias habitaciones, este espacio es perfecto para familias o para quienes buscan un lugar acogedor donde vivir. Cada habitación ha sido diseñada para maximizar la luz natural y ofrecer un ambiente cálido y relajante. Estratégica ubicacion.,¡Le ofrecemos toda la cartera de Inmobiliaria Rent-A-House! Código Referencia N 25-10690",[42],3 habitaciones,96 m² totales,Carrasquel Torres,Valeria Chong Apartamento Venta Barquisimeto Lara Patarata Residencial Economico Codigo Inmobiliaria Rent-a-house 25-10690,#819834580
"3m9c+ch7, Barquisimeto 3001, Lara, Venezuela, Barquisimeto, Barquisimeto, Lara",2 baños,39.000,"Amplio Apartamento en Exclusivo Conjunto con Hermosa Vista a la Av Libertador, Vigilancia Privada las 24 Horas del Dia, 2 Piscinas, Parque Infantil, Canchas Deportivas, Salón de Fiesta, estacionamiento para Visitantes. Consta de 3 Habitaciones con Closet Completo, Sala, Comedor, Cocina Tipo Italiana con Desayunador, Pisos de Porcelanato, Area de Lavandería, Maletero, 2 P/E, Ascensor, Oportunidad.! Contáctame y pide tu cita. Cod 24-25603.",[43],3 habitaciones,92 m² totales,Carrasquel Torres,"Cesar Bullones Vende Regio Apartamento En Urb Centro Metropolitano Javier, Lara 24-25603",#818773326
"3ph2+pwf, C. 10, Barquisimeto 3001, Lara, Venezuela, Centro, Barquisimeto, Lara",2 baños,25.000,"Cod 2 5 - 6792,Excelente y cómodo apartamento en conjunto exclusivo en el centro de la ciudad. Con todas las bondades que ofrece para vivir con tranquilidad (agua abundante y con fluido eléctrico permanente) Consta de 3 habitaciones, 2 baños y área infantil. cerca de todo para vivir con mucho confort.",[44],3 habitaciones,87 m² totales,Perezmehilyn,   Mehilyn Perez     Vende Apartamento En El Centro De Barquisimeto ,#818947688
"Barquisimeto, Barquisimeto, Barquisimeto, Lara",2 baños,20.000,"Hermoso apartamento en piso bajo al oeste de Barquisimeto con facilidad a transporte público clínicas colegios etc.. brinda paz y frescura con una cocina moderna de acabados de granito, 3 habitaciones con closets, 2 Baños. Vigilancia privada A pie de la Florencio Jiménez.",[45],3 habitaciones,82 m² totales,Inmueblesbarquisimeto,"Desireé De Sousa Vende Hermoso Apartamento En La Av. Florencio Jimenez, Al Oeste De Barquisimeto, Cocina Moderna, Cód. #25-11154",#819789522
"Barquisimeto, Centro, Barquisimeto, Lara",2 baños,250,"Te ofrecemos este lindo apartamento amoblado en el centro de Barquisimeto, destaca por ser fresco, cómodo y ubicado en un piso bajo. Con 2 habitaciones que incluyen balcón, amplia sala-comedor climatizada con aire acondicionado, 2 baños y un patio. Cuenta con área de lavado y 1 estacionamiento techado, ¡Un hogar céntrico y funcional, listo para ti! COD  25-10313",[46],2 habitaciones,79 m² totales,Carrasquel Torres,"César Bullones Alquila Cómodo Y Fresco Apartamento En Zona Centro, Lara    25-10313",#819868338
"Urbanizacion Nueva Segovia, Nueva Segovia, Barquisimeto, Lara",2 baños,400,"Excelente apartamento en Zona Este de Barquisimeto, consta de 3 habitaciones, 2 baños, cocina moderna, deja tres aires acondicionados , cocina equipada, el conjunto cuenta con planta eléctrica, diversas áreas sociales para el compartir familiar, fácil acceso.,Contáctame para más información!",[47],3 habitaciones,80 m² totales,Inmueblesrentahousebqto,Manuel Perez Alquila Excelente Apartamento En Nueva Segovia Barquisimeto Mls#25-4633,#813254200
"Urb. Del Este, Barquisimeto, Del Este, Barquisimeto, Lara",2 baños,45.000,"Julio Martínez vende Cómodo Apartamento en la zona este de Barquisimeto, 25-10446- cuenta con 90 mtrs distribuidos entre sala-comedor, área de cocina, tres habitaciones, dos baños y un balcón. La residencia cuenta con sala de fiesta y gimnasio. Su fácil acceso es ideal para vivir con su familia. Cuenta con una excelente ubicación donde contaras con universidad, colegios, panadería y centro comercial. Contáctanos.",[48],3 habitaciones,90 m² totales,Rahlara,"Julio Martínez Vende Cómodo Apartamento En La Zona Este De Barquisimeto, Área De Cocina, Balcón, Sala De Fiesta, Gimnasio, Ideal Para Vivir Con La Familia, Excelente Ubicación Cerca A Comercios.",#818359514
"Urbanizacion Santa Elena, Barquisimeto, Barquisimeto, Barquisimeto, Lara",2 baños,500,"La comodidad y la ubicación son privilegios que este sobrio y moderno Apartamento en alquiler le pueden brindar. Situado en la cotizada zona Este de Barquisimeto se presenta totalmente amoblado para hacer de su estancia en el algo especial. Disfruta de una cocina hermosa y completa, 3 habitaciones equipadas, balcón, 2 baños completos, Lavadora/secadora, estacionamiento y otros beneficios.",[49],3 habitaciones,108 m² totales,Mlrahdeleste,Apartamento En Alquiler En Barquisimeto Urb Santa Elena Moderno En Zona Cotizada Bellas Areas Comunes Cod 25 5532 Soy Gabi Irastorza Comunicate                                                         ,#819497246
"Carrera 19, Barquisimeto, Barquisimeto, Barquisimeto, Lara",1 baño,20.000,"Comodo Apartamento en Venta Ubicado an pocos metros de la Av Lara, Zona Este. consta de 2 amplias Habitaciones 1 Bano, sala, comedor, Cocina y Area de lavanderia. Cercano a Universidad, Transporte publico, iglesia, supermercados. Agenda tu cita con tu asesor de confianza",[50],2 habitaciones,68 m² totales,Mlrahdeleste,Maria Luisa Mendoza Vende Hermoso Apartamento En Optimas Condiciones En Zona Este De La Ciudad Posee 2 Habitaciones 1 Baño Agenda Tu Cita! 2 5 1 1 1 2 7                                                ,#819615336
"Av. Florencio Jiménez, Barquisimeto, Barquisimeto, Barquisimeto, Lara",2 baños,20.000,Hermoso apartamento en piso bajo al oeste de Barquisimeto con facilidad a transporte público clínicas colegios etc.. brinda paz y frescura con una cocina moderna de acabados de granito habitaciones con closets . Vigilancia privada Ah pie de la Florencio Jiménez.,[51],3 habitaciones,82 m² totales,Mlrahdeleste,Apartamento En Venta En Barquisimeto Res El Cristal Con Facilidad A Todo Lo Necesario! Visítalo Cod 25 11154 Soy Gabi Irastorza Comunícate.                                                             ,#819615338
"Barquisimeto, Barquisimeto, Barquisimeto, Lara",1 baño,380,"Rentahouse Alquila Hermoso Apartamento Moderno Totalmente Amoblado Conectado A Planta Eléctrica, Consta de 1 Habitación, 1 Baño, Cocina Moderna, 1 Puesto de Estacionamiento, Agua Constante las 24/7, P/E Para Visitantes, Vigilancia las 24 Horas Contacta tu Asesor de Rentahouse.",[52],1 habitación,44 m² totales,Saan2719129,"Erika Armeya Alquila, Apartamento Totalmente Amoblado En La Urbanizacion Ciudad Roca De Barquisimeto. Flex: 25-11182",#819604424
"Barquisimeto, Barquisimeto, Barquisimeto, Lara",2 baños,21.000,"Oportunidad de inversion, un nuevo hogar en la zona oeste de la ciudad! Ubicado en un edificio bien conservado, este apartamento ofrece la tranquilidad que buscas; cuenta con sala, comedor, cocina en mamposteria con puertas de madera, area de lavanderia, calentador, tanque cilindrico con su bomba operativo, tres dormitorios con closet, dos banos, estacionamiento descubierto, porton electrico del,ondominio, salon de fiesta o reuniones, todo en un solo lugar.,Ideal por su ubicacion, cercano a las diferentes zonas industriales, comercio, centro comercial, colegios entre otros.,Disfruta de un nuevo espacio, con comodidad y amplitud, no dejes pasar esta oportunidad de arriendo. Estamos para asesorarles, contactenos.",[53],3 habitaciones,84 m² totales,Saan2719129,"Erika Armeya Vende, Apartamento En La Florencio Jimenez, Zona Oeste De Barquisimeto. Flex: ",#819554082
"Barquisimeto, Barquisimeto, Barquisimeto, Lara",2 baños,38.000,"Renta-House trae para ti Hermoso y cómodo Apartamento en Venta de 95 mtrs2, totalmente Amoblado, ubicado en una de las mejores zona al oeste de la Ciudad, Cercano a colegios, clinicas, av principales, transporte publico, comercios, entre otros... Consta de 3 Habitaciones, 2 baños, sala, cocina, área de lavadero, 1 terraza, 1 puesto de estacionamiento y 1 maletero, calentador de agua. Contactanos",[54],3 habitaciones,95 m² totales,Saan2719129,"Erika Armeya Vende, Apartamento En La Carrera 21 Zona Oeste De Barquisimeto. Flex: 25-11167",#819635460
"Av. Libertador, Barquisimeto, Barquisimeto, Barquisimeto, Lara",2 baños,35.000,"Se vende apartamento de 69 mts2 en una de las principales arterias viales de Barquisimeto. Consta de 2 habitaciones, 2 baños, 1 puesto de estacionamiento, ubicado en conjunto residencial privado. Ideal para quienes buscan confort y accesibilidad en un entorno seguro y bien ubicado",[55],2 habitaciones,69 m² totales,Mlrahdeleste,"Apartamento En Venta Barquisimeto, Gisselle Lobo Vende Hermoso Apartamento De 69m2 Facil Acceso A Vias Principales De La Ciudad Optimas Condiciones 2 5 1 1 2 1 6                                       ",#819606742
"Av. Libertador, Barquisimeto, Barquisimeto, Barquisimeto, Lara",2 baños,35.000,"Se vende apartamento de 69 mts2 en una de las principales arterias viales de Barquisimeto. Consta de 2 habitaciones, 2 baños, 1 puesto de estacionamiento, ubicado en conjunto residencial privado. Ideal para quienes buscan confort y accesibilidad en un entorno seguro y bien ubicado",[56],2 habitaciones,69 m² totales,Mlrahdeleste,Maria Luisa Mendoza Vende Hermoso Apartamento De 69m2 En Zona Principal De Barquisimeto Posee 2 Habitaciones 2 Baños 1 Puesto De Estacionamiento  2 5 1 1 2 1 6                                         ,#819580986
"3m84+78q, Barquisimeto 3001, Lara, Venezuela, Barquisimeto, Barquisimeto, Lara",2 baños,38.000,"Renta-House trae para ti Hermoso y cómodo Apartamento en Venta de 95 mtrs2, totalmente Amoblado, ubicado en una de las mejores zonas al oeste de la Ciudad, Cercano a colegios, clínicas, av principales, transporte público, comercios, entre otros... Consta de 3 Habitaciones, 2 baños, sala, cocina, área de lavadero, 1 terraza, 1 puesto de estacionamiento y 1 maletero, calentador de agua. Contáctame",[57],3 habitaciones,95 m² totales,Inmueblesbarquisimeto,"Desireé De Sousa Vende Hermoso Apartamento Amoblado, Piso Medio, Al Oeste De Barquisimeto, Cód #25-11167",#819763516
"Barquisimeto, Barquisimeto, Barquisimeto, Lara",2 baños,320,"Codigo Flex 25-5191 NZ Apartamento en Alquiler en Centro, Lara Para Alquilar Cómodo Apartamento en el Centro de Barquisimeto, con excelente ubicación Comercial donde no hay fallas de Luz. Consta de 94 mtrs2, 3 Habitaciones , 2 Baños, Sala-Comedor, Cocina, Area de Servicio. Podrás disfrutar de Iluminación Natural, Seguridad y una buena Vista de la Ciudad. Cuenta con 1 Puesto de Estacionamiento Techado. Solicita Tu Cita a un Asesor de Rent-A-House.",[58],3 habitaciones,94 m² totales,Carrasquel Torres,"Codigo Flex 25-5191 Nz Apartamento En Alquiler En Centro, Lara",#819841654
"Barquisimeto, Barquisimeto, Barquisimeto, Lara",3 baños,445,"Codigo Flex 25-4907 NZ Apartamento en Alquiler en Centro, Lara Se alquila apartamento en el centro de Barquisimeto, cómodo y con 3 amplias habitaciones, 3 baños, habitacion de servicio. un balcon para apreciar la vista de la ciudad y amplios espacios.. Pida su cita",[59],4 habitaciones,131 m² totales,Carrasquel Torres,"Codigo Flex 25-4907 Nz Apartamento En Alquiler En Centro, Lara",#819750614
"Av. Libertador, Barquisimeto, Barquisimeto, Barquisimeto, Lara",2 baños,35.000,"Se vende apartamento de 69 mts2 en una de las principales arterias viales de Barquisimeto. Consta de 2 habitaciones, 2 baños, 1 puesto de estacionamiento, ubicado en conjunto residencial privado. Ideal para quienes buscan confort y accesibilidad en un entorno seguro y bien ubicado",[60],2 habitaciones,69 m² totales,Mlrahdeleste,Apartamento En Venta En Barquisimeto Res Metropolitano Javier Posee 69m2 Ubicado En Conjunto Residencial Privado Cod 25 11216 Comunicate Soy Gabi Irastorza                                             ,#819751614
"Barquisimeto, Centro, Barquisimeto, Lara",2 baños,500,"Maritza Lucena alquila Bello Apartamento amoblado ubicado en pleno centro de Barquisimeto, 25-10941- en calle transitada. donde podrás vivir con la comodidad que tanto deseas. no esperes mas y disfruta de sus 3 habitaciones acondicionadas para tu comodidad, 2 baños y cocina remodelada lista para estrenar y 1 puesto de estacionamiento privado. sin cortes eléctricos y agua constante, llama ya! y agenda la visita.",[61],3 habitaciones,90 m² totales,Rahdeleste,"Maritza Lucena Alquila Bello Apartamento Amoblado Ubicado En Pleno Centro De Barquisimeto, Amplias Habitaciones, Cocina Remodelada, Sin Cortes Eléctricos, Y Agua Constante, Lista Para Habitar.",#819791322
"Av. Libertador, Barquisimeto, Barquisimeto, Barquisimeto, Lara",2 baños,350,"se alquila apartamento de 69 mts2 en una de las principales arterias viales de Barquisimeto. Consta de 2 habitaciones, 2 baños, 1 puesto de estacionamiento, ubicado en conjunto residencial privado. Ideal para quienes buscan confort y accesibilidad en un entorno seguro y bien ubicado",[62],2 habitaciones,69 m² totales,Mlrahdeleste,Apartamento En Alquiler En Barquisimeto Urb Metropolitano Javier Posee 69m2 Bello Conjunto Residencial Cod 25 11217 Comunícate Soy Gabi Irastorza                                                       ,#819766122
"Avenida Madrid & Calle Capanaparo, Barquisimeto, Barquisimeto, Lara",2 baños,500,"Rosa Rodríguez Alquila moderno Apartamento Situado en la cotizada zona Este de Barquisimeto se presenta totalmente amoblado para hacer de su estancia en el algo especial. Disfruta de una cocina hermosa y completa, 3 habitaciones equipadas, balcón, 2 baños completos, Lavadora/secadora, estacionamiento y otros beneficios.",[63],3 habitaciones,108 m² totales,Inmueblesrentahousebqto,Rosa Rodríguez Alquila Apartamento En Zona Este De Barquisimeto Fc 25-5532,#813134142
"Barquisimeto, Lara, Venezuela, Barquisimeto, Barquisimeto, Lara",2 baños,46.000,"Raiza Suárez Vende hermoso apartamento, seguridad y confort son algunas de las bondades que encontraras en este Bello, espacioso, iluminado y acogedor Apartamento en Venta, ubicado en Conj. Privado al Este de Bqto. Sus 85 m2, distribuidos en 3 amplias y cómodas habitaciones con closet, 2 baños, sala-comedor, bella cocina con tope de granito, area de servicio, 1 puesto de estacionamiento, gimnasio, vigilancia 24/7, gas directo. Por su extraordinaria ubicación permite fácil acceso a avenidas principales, centros de salud, colegios, universidades, farmacias y variedad de comercios, transporte publico.,Aprovecha esta gran oportunidad y contactanos para mas información!",[64],3 habitaciones,85 m² totales,Rahdeleste,"Raiza Suárez Vende Hermoso Apartamento Ubicado En La Parroquia Catedral 2  4  2  1  9  2  5 Posee 3 Habitaciones, 2 Baños, 1 Puesto De Estacionamiento, ",#813998990
"Avenida Venezuela, Barquisimeto, Barquisimeto, Lara",2 baños,700,Se Alquila apartamento amoblado y con planta eléctrica en pleno triangulo del este su espectacular ubicación junto con las bondades del inmueble te brinda el confort que estaba buscando ofreciéndote 3 cómodas habitaciones dos baños área de servicio cocina moderna instalaciones vanguardistas área social y recreativa para niños 2 puestos de estacionamiento planta eléctrica entre otras bondades,[65],3 habitaciones,98 m² totales,Mlrahdeleste,"Maria Luisa Mendoza Alquila Bellísimo Apartamento Amoblado Y Conectado A Planta Eléctrica, Posee Amplias Habitaciones, 2 Puestos De Estacionamiento, Todos Los Servicios Básicos 2 3 1 9 1 8 4          ",#810630916
"Barquisimeto, Lara, Venezuela, Barquisimeto, Barquisimeto, Lara",2 baños,30.000,"En venta para ti bello, cómodo y fresco apartamento de concepto abierto, ubicado al centro de la ciudad, cercano a farmacias, clínicas, centros educativos y comercio en general, de 121,5 mtrs2 distribuidos de manera excelente para el disfrute de toda la familia; sala, comedor, 3 amplias habitaciones, 2 baños modernos, bellos pisos de porcelanato, por otra parte, el condominio cuenta con tanque subterráneo, 400 mil litros, es decir, no falta el suministro de agua, gas por tubería, pequeño parque infantil, salón de fiesta, cancha deportiva y vigilancia las 24 horas. No dejes pasar está excelente oportunidad y contacta lo más pronto posible a tu asesor inmobiliario de confianza, el hogar de tus sueños espera por ti y por tu familia. Tengo éstas y muchas opciones más, Contáctame.",[66],3 habitaciones,121 m² totales,Inmueblesbarquisimeto,"Desireé De Sousa Vende Hermoso Apartamento En El Centro De Barquisimeto, Piso Bajo, Gas Por Tubería, Cód #25-4037",#811703590
"Urbanización Santa Elena, Del Este, Barquisimeto, Lara",2 baños,500,"Maritza Lucena alquila Apartamento moderno y  cómodo Situado en la cotizada zona Este de Barquisimeto, #25-5532-  se presenta totalmente amoblado para hacer de su estancia en el algo especial. Disfruta de una cocina hermosa y completa, 3 habitaciones equipadas, balcón, 2 baños completos, Lavadora/secadora, estacionamiento y otros beneficios.,Pide tu cita",[67],3 habitaciones,108 m² totales,Rahdeleste,"Maritza Lucena Alquila Acogedor Y Moderno Apartamento Amoblado Al Este De Barquisimeto, Hermosa Cocina, Habitaciones Equipadas, Balcón, Y Otros Beneficios.",#811758404
"Avenida Libertador, Barquisimeto, Barquisimeto, Lara",2 baños,33.000,"Daniela Linarez.,Mls: 25-6653. ,Imagina un acogedor apartamento en el este de Barquisimeto, donde la luz del sol se filtra suavemente a través de amplias ventanas, creando un ambiente cálido y acogedor. Al entrar, el suave murmullo del viento acaricia las cortinas, mientras que el aroma fresco de la brisa matutina se mezcla con el sutil olor a café recién hecho que inunda la cocina. Con 3 dormitorios, 2 baños.",[68],3 habitaciones,95 m² totales,Rentahouse Danielalinarez,Daniela Linarez Vende Apartamentos Piso Bajo Cuenta Con 95m2 Con 3 Habitaciones 2 Baños Excelente Opción Para Adquirir Tu Nuevo Hogar Zona Este Barquisimeto                                           ,#813242186
"Calle 10, Barquisimeto, Barquisimeto, Lara",2 baños,36.000,"Raiza Suarez tiene Estupendo apartamento en venta en estratégica zona del Centro Este de Barquisimeto, conjunto residencial totalmente conservado, cuenta con bella cocina, área de sala comedor, área de servicio, balcón con excelente vista, aire acondicionados en todo el apartamento, 2 puestos de estacionamientos, cercano a Centro Comerciales, panaderías, supermercados entre otros, fácil acceso a vías principales",[69],2 habitaciones,85 m² totales,Mlrahdeleste,"% Raiza Suarez Vende Estupendo Apartamento Zona Centro Este De Barquisimeto, 2 4 2 3 6 5 8, Conjunto Residencial Conservado, Bella Cocina, 2 Puestos De Estacionamiento, Acceso Fácil A Vías Principales",#813774850
"Avenida Lara, Barquisimeto, Barquisimeto, Lara",4 baños,240.000,"Daniela Linarez.,Mls: 25-7048.,Amplio, Cómodo y Elegante apartamento en el Este de Barquisimeto, consta de 206mts2 con excelente distribución y atractiva decoración, 3 habitaciones, 3 baños , habitación de servicio con baño, 2 puestos de estacionamiento, Planta Eléctrica, Hermosa Cocina Ferrara, Gimnasio, Salón de Fiesta, Áreas de Recreación y una maravillosa vista a los valles del Turbio",[70],4 habitaciones,206 m² totales,Rentahouse Danielalinarez,Daniela Linarez Vende Apartamentos Elegantes En El Este De La Ciudad Avenida Lara Cuenta Con 206m2 Cocina Ferrara Planta Electrica Vista Al Valle Del Turbio Barquisimeto Lara                          ,#813750124
"Barquisimeto, Barquisimeto, Barquisimeto, Lara",1 baño,19.000,"En pleno Centro Oeste de la ciudad nos llega este excelente apartamento, distribuido en 3 comodas habitaciones, una sala de bano, amplia sala comedor, balcon con hermosa vista, cocina y un puesto de estacionamiento. Cercanos a mercados, farmacias, centros educativos y zona comercial, todo para que puedas tener un calido hogar. No esperes mas, llama a tu asesor de confianza. En pleno Centro Oeste de la ciudad nos llega este excelente apartamento, distribuido en 3 comodas habitaciones, una sala de bano, amplia sala comedor, balcon con hermosa vista, cocina y un puesto de estacionamiento. Cercanos a mercados, farmacias, centros educativos y zona comercial, todo para que puedas tener un calido hogar. No esperes mas, llama a tu asesor de confianza Mildred Caballero.",[71],3 habitaciones,80 m² totales,Rahdeleste,Apartaento En Venta Barquisimeto Oeste Centro Codigo 2  5 8  1 5  3 Mildred Excelente Oportunidad De Obtener Tu Hogar En Una Zona Centrica Facil Acceso Y Cercono A Centro Coerciales Y Farmacias ,#814237614
"Centro Metropolitano Javier, Barquisimeto, Barquisimeto, Lara",2 baños,39.000,"Héctor Malavé vende Amplio y cómodo PentHouse duplex ubicado en uno de los mejores urbanismos del oeste de la ciudad de Barquisimeto, 25-3634- con piscina, ascensor, cerrado con vigilancia 24/7.,Llama a tu asesor y pide cita,",[72],4 habitaciones,129 m² totales,Rahlara,"Héctor Malavé Vende Amplio Y Cómodo Penthouse Duplex Ubicado Al Oeste De La Ciudad De Barquisimeto, Cerca Universidades, Parques, Cuenta Con Piscina, Áreas Verdes, Cerrado, Vigilancia Privada 24/7, ",#767413025
"Avenida Venezuela, Barquisimeto, Barquisimeto, Lara",1 baño,32.000,"Descubre tu nuevo hogar en el Este de la Ciudad!. imagina despertar cada mañana en un hermoso apartamento ubicado en una de las zonas más deseadas del Este. Con 63 mts² de pura comodidad y estilo, este espacio ha sido diseñado para brindarte la calidad de vida que mereces. Este encantador apartamento cuenta con una habitación espaciosa, perfecta para tu descanso. Disfruta de un acogedor salón-comedor ideal para tus reuniones con amigos y familiares. Su cocina completamente equipada te permitirá explorar tu talento culinario, mientras que el baño, elegante y moderno, ofrece un refugio privado y relajante. Además, ¡olvídate de preocuparte por el espacio de almacenamiento! Este apartamento incluye un maletero amplio y un puesto de estacionamiento techado. Visualiza esas soleadas tardes disfrutando de la luz natural que inunda cada rincón de tu nuevo hogar. La combinación perfecta de espacio y luminosidad, todos los días. Cada detalle de este apartamento ha sido pensado para ofrecerte un entorno confortable y acogedor. La ubicación privilegiada en el Este te brinda acceso a restaurantes, tiendas y parques, convirtiendo cada salida en una aventura. No dejes pasar la oportunidad de hacer de este apartamento tu nuevo hogar. Contáctanos hoy para agendar una visita y experimentar en persona todo lo que este espectacular espacio tiene para ofrecerte. Tu nuevo estilo de vida te está esperando. ¡Haz la mudanza de tu vida!",[73],1 habitación,63 m² totales,Mlrahdeleste,"Apartamento En Venta, Gisselle Lobo Vende Espectacular Apartamento En Pleno Este De La Ciudad, Lleno De Estilo Este Apto De 63m2, Cocina Equipada, Notable Ubicación, Maletero Y Mas 2 5 8 4 2 3        ",#814772032
"Urbanización Santa Elena, Barquisimeto, Barquisimeto, Lara",2 baños,38.000,"Raiza Suarez.,Tenemos el lugar perfecto para usted. Un amplio apartamento de 92 mts. en la zona este de Barquisimeto, su excelente ubicación hace que sea su mejor opción para invertir. Consta de 3 habitaciones, 2 baños y 1 puesto de estacionamiento. Contacta a su Asesor de Rentahouse !!",[74],3 habitaciones,92 m² totales,Mlrahdeleste,"% Raiza Suarez Vende Hermoso Apartamento De 92m2, En El Este De Barquisimeto, 2 5 7 2 9 6, Posee 3 Habitaciones, 2 Baños, 1 Puesto De Estacionamiento Excelente Ubicación... Visitalo!                  ",#814735478
"Avenida Venezuela, Barquisimeto, Barquisimeto, Lara",2 baños,600,"Alquilo Excelente Apartamento recién remodelado con finos acabados, Amoblado, listo para estrenar Consta de 2 habitaciones y 2 baños,cocina moderna. El conjunto posee vigilancia privada, agradables áreas comunes y espectacular piscina Ubicado en zona Este de Barquisimeto, con fácil acceso muy cerca de centros de salud centros comerciales y otros. Planta eléctrica próxima a operar.",[75],2 habitaciones,75 m² totales,Mlrahdeleste,"Maria Luisa Mendoza Alquila Espectacular Apartamento Recién Remodelado En Espectacular Zona Del Este De Barquisimeto, Totalmente Amoblado Posee Vigilancia Privada, Planta Eléctrica 2 5 6 9 1 8        ",#814787712
"Avenida Libertador, Barquisimeto, Barquisimeto, Lara",2 baños,330,"Maritza Lucena ofrece en alquiler cómodo, amplio y fresco apartamento, amoblado, localizado en zona centro-oeste de Barquisimeto, 25-6172- con acceso inmejorable por estar adyacente a la av Libertador de Barquisimeto.. Cuenta con 3 habitaciones, 2 de ellas equipadas con aire acondicionado, camas, conexión para TV por suscripción, closets, 2 baños equipado uno de estos con calentador, totalmente operativo, amplia sala comedor, cocina empotrada a gas, nevera, área de lavandería entre otros beneficios, que además de comodidad simplifican la rutina cotidiana.,Todos los servicios al día.,Te invitamos a evaluar esta atractiva alternativa en alquiler junto a nuestro extraordinario equipo de profesionales inmobiliarios.,Pide tu cita ya.",[76],3 habitaciones,92 m² totales,Rahdeleste,"Maritza Lucena Ofrece En Alquiler Cómodo, Amplio Y Fresco Apartamento, Amoblado, Centro-oeste De Barquisimeto, Amplias Habitaciones Con Aire Acondicionado, Amplia Sala, Cocina Empotrada. Vigilancia.",#814902762
"Urbanización Del Este, Barquisimeto, Barquisimeto, Lara",1 baño,39.000,"Moderno apartamento en el Este de la ciudad, con acabados de primera, en 75 metros, 2 habitaciones, 1 baño, cercano a colegios, clínicas y supermercados. El conjunto cuenta con planta eléctrica, piscina, area de gimnasio y cancha de tenis. Pide tu Cita.",[77],2 habitaciones,75 m² totales,Mlrahdeleste,Apartamento En Venta En Barquisimeto Urb. El Parque Posee Planta Electrica Piscina Area De Gimnasio Y Demás Bondades Para Tu Confort! Cod 25 8513 Comunicate Soy Gabi Irastorza                         ,#814864064
"Avenida Hernán Garmendia, Del Este, Barquisimeto, Lara",2 baños,450,"Julio Martínez trae Bello Apartamento en alquiler ubicado en el este de Barquisimeto, 25-9049- piso bajo, fresco, moderno y seguro. totalmente equipado para garantizar la comodidad que necesitas. Distribuido en 3 habitaciones con closets, 2 baños, Bella Sala, cocina equipada, área de servicio. no esperes mas y agenda tu visita.,Pide tu cita.",[78],3 habitaciones,87 m² totales,Rahlara,"Julio Martínez Trae Bello Apartamento En Alquiler Ubicado En El Este De Barquisimeto, Piso Bajo, Fresco, Moderno Y Seguro, Equipado, Bella Cocina, Área De Servicio,  Vigilancia 24/7.",#815878540
"Avenida Hernán Garmendia, Del Este, Barquisimeto, Lara",1 baño,33.500,"Héctor Malavé tiene En Venta Bello y Acogedor Apartamento tipo estudio en exclusivo Conjunto Residencial Ciudad Roca (Granate) 25-2533- conectado a planta eléctrica, cada espacio con sus aires acondicionados cuenta con 2 tanque de agua, sala, 1 habitación, 1 baño, cocina moderna , el conjunto cuenta con áreas verdes y sociales un casa club para el disfrute familiar piscina, gimnasio, canchas múltiples y campo de softbol.,Contáctanos.",[79],1 habitación,44 m² totales,Rahlara,"Héctor Malavé Tiene En Venta Bello Y Acogedor Apartamento Tipo Estudio Al Este De Barquisimeto, Planta Eléctrica, Tanque, Cocina Moderna, Áreas Verdes, Piscina, Gimnasio, Cancha Múltiple, Vigilancia.",#767775183
"Barquisimeto, Las Trinitarias, Barquisimeto, Lara",1 baño,25.000,"Sara Pastran de Rent a House,Dormitorios: 2,Total Baños: 1,Mts2: 68,Estacionamiento: Descubierto,Conservado Apartamento en Venta en Urbanización Club Hípico Las Trinitarias de Barquisimeto, de 2 Habitaciones ,1 Baño, Piso de Cerámica, cocina sencilla, gas directo por tubería, excelente suministro de agua, cuenta con vigilancia privada, portón eléctrico y puesto de estacionamiento, su estupenda ubicación lo convierte en fabulosa oportunidad de inversión. Vamos a conocerlo!",[80],2 habitaciones,68 m² totales,Inmueblesrentahousebqto,Sara Pastran Vende Hermoso Apartamento En Club Hipico Las Trinitarias Barquisimeto Código #25-7839 Sps ,#817207278
"Barquisimeto, Centro, Barquisimeto, Lara",3 baños,20.000,"Héctor Malavé vende Espacioso Apartamento de 116.19 mt2 en zona Centro de Barquisimeto. 25-5519- En piso bajo, 4 Habitaciones, 3 baños, área para que diseñe su cocina ideal, balcón, estacionamiento, linea ABA CANTV, TV Cable,tanque aéreo, bomba, instalación de tubería de Gas, maletero y mas. El edificio cuenta con una fresca Terraza y tanque de 11000 Lts. Invierta en su comodidad, ,Contacte a su asesor RentAHouse.",[81],4 habitaciones,116 m² totales,Rahlara,"Héctor Malavé Vende Espacioso Apartamento Centro De Barquisimeto. Piso Bajo, Línea Cantv, Aba, Cable, Terraza, Tanque Aéreo,  Vigilancia 24/7.",#817295432
"Barquisimeto, Barquisimeto, Barquisimeto, Lara",2 baños,22.000,Héctor Malavé tiene Amplio Apartamento en Venta en Zona Oeste de Barquisimeto. 25-8159- Cuenta con 104m2 distribuidos en 3 habitaciones cada una con closet y 2 baños. El área de la cocina cuenta con ventanales qué iluminan y dan frescura al ambiente. El área de sala comedor se integra con un amplio balcón que da vista a la zona de jardín de las residencias. Contáctame!,[82],3 habitaciones,104 m² totales,Rahlara,"Héctor Malavé Tiene Amplio Apartamento En Venta En Zona Oeste De Barquisimeto, Cocina Con Iluminación Y Ambiente Fresco,  Amplio Balcón Con Vista Al Hermoso Jardín.",#817237308
"Av. Hernán Garmendia, Barquisimeto, Barquisimeto, Barquisimeto, Lara",1 baño,33.500,"Daniela Linarez.,Mls: 25-2533.,En Venta Bello y Acogedor Apartamento tipo estudio en exclusivo Conjunto Residencial Ciudad Roca (Granate) conectado a planta eléctrica, cada espacio con sus aires acondicionados cuenta con 2 tanque de agua, sala, 1 habitación, 1 baño, cocina moderna , el conjunto cuenta con áreas verdes y sociales un casa club para el disfrute familiar piscina, gimnasio, canchas múltiples y campo de sofbol.",[83],1 habitación,44 m² totales,Rentahouse Danielalinarez,Daniela Linarez Vende Apartamentos En Exclusivo Conjunto Residencial Del Este De Barquisimeto Conectado A Planta Eléctrica Bellas Áreas Como Piscina Gimnasio Canchas.                                  ,#817949138
"Barquisimeto, Barquisimeto, Barquisimeto, Lara",1 baño,18.500,"Comodo apartamento fresco y luminoso en zona Oeste de la ciudad, Av Florencio Jimenez, sector Santa Isabel, Residencias Yupa. Posee 3 habitaciones, 1 baño, 1 p/estacionamiento. Excelente inversion. Contacta a tu asesor Renta House y pide tu cita.",[84],3 habitaciones,84 m² totales,Saan2719129,"Erika Armeya Vende, Apartamento En La Avenida Florencio Jimenez De Barquisimeto. Flex: 25-10512",#818667826
"3pc4+w26, Av. Concordia, Carrera 24, Barquisimeto, Barquisimeto, Barquisimeto, Lara",3 baños,47.000,"Rosa Rodríguez Vende Amplio Y Hermoso Apartamento Ubicado en el Este de Barquisimeto, cocina empotrada con encimera de granito, equipada con estufa, horno a gas y campana, 4 habitaciones con closets, 2 habitaciones con Aire Acondicionado, 1 cuarto (primer Cuarto a mano derecha) con Ventana Panorámica Anti ruidos, 3 baños, amplia e iluminada sala comedor, Área de lavandería con calentador, Excelente vista panorámica y 1 puestos de estacionamientos techado.",[85],4 habitaciones,143 m² totales,Inmueblesrentahousebqto,"Rosa Rodríguez Vende Apartamento En Zona Este, Barquisimeto 25-6843",#818691192
"Barquisimeto, Barquisimeto, Barquisimeto, Lara",2 baños,350,"Código Flex  25-9330 NZ Apartamento en Alquiler en Patarata, Lara Espectacular Apartamento en Alquiler totalmente amoblado en el Este de la Ciudad. y con una ubicación única, cerca de centros comerciales y Avenidas principales, consta de 3 habitaciones, 3 baños, sala y comedor. Somos Rent-A-House tu mejor opción Inmobiliaria.",[86],3 habitaciones,90 m² totales,Carrasquel Torres," Código Flex  25-9330 Nz Apartamento En Alquiler En Patarata, Lara",#818944766
"Carrera 23, Barquisimeto, Barquisimeto, Barquisimeto, Lara",2 baños,330,"Te alquilo cómodo apartamento semi amoblado en una zona de fácil acceso a comercio y avenidas principales del oeste de la ciudad, cercano a farmacias, centros comerciales, clínicas, super mercados tres habitaciones, 2 baños, un family room y 2 puestos de estacionamientos, una excelente opción de alquiler, contacta a tu asesor de confianza.",[87],3 habitaciones,105 m² totales,Mlrahdeleste,Apartamento En Alquiler En Barquisimeto Calle 50 Facil Acceso A Vias Principales Del Oeste De Barquisimeto En Optimas Condiciones Semi Amoblado Cod 25 5698 Comunicate Soy Gabi Irastorza               ,#818958546
"Urbanización Patarata, Barquisimeto, Patarata, Barquisimeto, Lara",2 baños,32.000,"Descubre este hermoso apartamento remodelado que combina comodidad y estilo. Con 3 amplias habitaciones, este espacio es perfecto para familias o para quienes buscan un lugar acogedor donde vivir. Cada habitación ha sido diseñada para maximizar la luz natural y ofrecer un ambiente cálido y relajante. Estratégica ubicación. No dudes en Contactarme",[88],3 habitaciones,96 m² totales,Inmueblesbarquisimeto,"Hermoso Apartamento En Venta Remodelado En Patarata Barquisimeto, Cód.#25-10690 Dds",#819100614
"Carrera 23 Esquina, C. 54, Barquisimeto 3001, Lara, Venezuela, Barquisimeto, Barquisimeto, Lara",2 baños,500,"Vive en el corazón de Triángulo del Este! Este apartamento recién construido te ofrece todo lo que necesitas: comodidad, seguridad y una ubicación privilegiada. Con acabados modernos y áreas comunes increíbles, es la inversión perfecta. CONTACTA TU ASESOR DE CONFIANZA RENTAHOUSE GISSELLE LOBO Y CON MUCHO GUSTO TE ATENDERE",[89],2 habitaciones,75 m² totales,Mlrahdeleste,Gisselle Lobo Tiene En Alquiler Bello Apartamento Al Este De Barquisimeto En El Triangulo Del Este Con Piscina Y Vigilancia Privada 24 Horas Ubicacion Privilegiada Con Modernos Acabados 2 5 1 0 9 5 4,#819088210
"Av. Venezuela, Con Av. Los Leones, Barquisimeto 3001, Lara, Venezuela, Barquisimeto, Barquisimeto, Lara",3 baños,40.000,"MLS #25-8404,Edel Vargas asesor de Renta House ofrece en venta Este hermoso y acogedor apartamento esta ubicado en una excelente zona del este de la ciudad. Cuenta con una conexión activa de Cantv e Internet, lo que te permitirá¡ reconectarte y disfrutar de todos los servicios necesarios en tu nuevo hogar. El apartamento ha sido remodelado y está listo para habitar. Su distribución  de 4 habitaciones y 3 baños  lo convierte en el espacio perfecto para convertirlo en un hermoso hogar para ti y tu familia.,Además de su distribución, el apartamento cuenta con espacios amplios y luminosos, lo que le da una sensación de amplitud y comodidad. Si estás interesado en conocer más sobre este apartamento, te recomiendo agendar una cita con tu asesor de confianza lo antes posible. No esperes más y aprovecha esta oportunidad de tener tu propio hogar en esta increíble zona de la ciudad.",[90],4 habitaciones,103.9 m² totales,Tuc Ivrentahouseimp,"Edel Vargas Vende  Hermoso Y Acogedor Apartamento Amoblado, Ubicado En Una Excelente Zona Del Este De La Ciudad, Amplios Espacios, Iluminación Y Buena Distribución  / Renta House ",#817532242
"Urbanizacion Santa Elena, Barquisimeto, Barquisimeto, Barquisimeto, Lara",1 baño,240,"Traemos para ti magnifico anexo en urbanismo privado del este de la ciudad con agradable y elegante ambiente,  totalmente equipado y entrada independiente, posee un puesto de estacionamiento. COD  25-9664",[91],1 habitación,25 m² totales,Gonzalez Marcos2,"César Bullones Alquila Apartamento En Urb. Santa Elena, Lara   25-9664",#817528752
"Barquisimeto, Barquisimeto, Barquisimeto, Lara",3 baños,45.000,"Rosa Rodríguez Vende apartamento con cocina moderna equipada amplias y cómodas habitaciones te esperan. este apartamento ubicado en el este de la ciudad cerca del Sambil, clínicas, universidades y todo lo que necesites sin duda alguna lo que buscas para tu familia.",[92],3 habitaciones,133 m² totales,Inmueblesrentahousebqto,"Rosa Rodríguez Vende Apartamento En Zona Este, Barquisimeto 25-6596",#768203007
"Barquisimeto, Barquisimeto, Barquisimeto, Lara",2 baños,33.000,"MLS #25-5907,Edel Vargas Renta House ofrece apartamento ubicado en el corazón del este, tiene lo que Buscas, UBICACION Y SERVICIOS BASICOS . a Media Cuadra del C.C Sambil , Av., Lara , Clínicas , Centro Comerciales, Servio de Agua Constante, Piso Bajo, Excelentes Áreas Sociales, Caminerías, Maletero, Vigilancia 24 horas, Gas Por Tubería, Estacionamiento, 3 Amplias Habitaciones ,Dos Baños. Una Excelente OPORTUNIDAD. Contáctame  para mayor informacion.",[93],3 habitaciones,113.73 m² totales,Tuc Ivrentahouseimp,"Edel Vargas Vende Apartamento En Zona Este, Excelente Ubicación Cercano Al C.c. Sambil  ",#815917542
"Barquisimeto, Barquisimeto, Barquisimeto, Lara",2 baños,38.000,"Tenemos el lugar perfecto para usted. Un amplio apartamento de 92 mts. en la zona este de Barquisimeto, su excelente ubicacion hace que sea su mejor opcion para invertir. Consta de 3 habitaciones, 2 baños y 1 puesto de estacionamiento. Contacta a su Asesor de Rentahouse !!",[94],3 habitaciones,92 m² totales,Inmueblesbarquisimeto,Patricia Martinez Vende Apartamento En El Este De La Ciudad Residencias Los Girasoles 25-7296,#817519406
"Urb. El Parque, Av. Comuneros, Edificio El Impulso, Piso 1, Barquisimeto 3001, Lara, Venezuela, El Parque, Barquisimeto, Lara",2 baños,350,"Hermoso apartamento en alquiler de 3 habitaciones y 2 baños completamente amoblado, amplio y cómodo en una muy buena ubicación de Barquisimeto. Zona este, detrás del centro Comercial Ciudad Paris, a pocos metros de la Avenida Los Leones.",[95],3 habitaciones,96 m² totales,Inmueblesrentahousebqto,Manuel Perez Alquila Excelente Apartamento Amoblado Ubicado En Zona Este De Barquisimeto Mls#24-28477,#812289946
"Avenida Principal Los Crepusculos, Barquisimeto, Barquisimeto, Lara",2 baños,25.000,"Rosa Rodríguez Vende Hermoso Apartamento en exclusiva zona residencial del Oeste de la Ciudad, de fácil acceso, cercano a Zona Industrial, bancos, estación de servicio, seguro social, centros comerciales, posee piscinas, canchas de basquetbol y tenis, 3 caneyes con parrilleras, parque infantil, puestos de visitantes, vigilancia, cuenta 2 habitaciones 2 baños, closets, cuarto de lavado, cocina moderna en diseño abierto.",[96],2 habitaciones,62 m² totales,Inmueblesrentahousebqto,Rosa Rodríguez Vende Apartamento En Barquisimeto Zona Oeste 24-9086,#813653948
"Barquisimeto, Lara, Venezuela, Centro, Barquisimeto, Lara",4 baños,550,"Maravilloso Apartamento Remodelado en alquiler con la mejor ubicación y Espacios que necesitas para la comodidad de tu familia, posee 4 habitaciones 3 baños amplia y hermosa cocina y sala de estar,2 puestos de estacionamiento, balcón, closet, calentador, área de lavado, vigilancia interna 2 tanques de agua, no esperes mas y contacta a tu asesor de RENTAHOUSE",[97],5 habitaciones,139 m² totales,Saan2719129,Apartamento En Alquiler En El Centro De Barquisimeto 24-9295 Dh,#810780782
"Barquisimeto, Lara, Venezuela, Barquisimeto, Barquisimeto, Lara",2 baños,600,"Alquiler de cómodo y acogedor Apartamento en el este de Barquisimeto. semiamblado Consta de 2 habitaciones, 2 baños, cocina equipada, lavadora-secadora, área de servicio, tanque de agua en piso, planta electrica para todo el edificio, 2 pto de estacionamiento, camaras de seguridad, vigilancia 24/7, la mejor Ubicación del este de la ciudad. NO espere mas y comuníquese con su asesor de confianza",[98],2 habitaciones,103 m² totales,Saan2719129,Apartamento En Alquiler En El Este De Barquisimeto 24-13686 Dh,#810641754
"Barquisimeto, Barquisimeto, Barquisimeto, Lara",3 baños,37.950,"Código Flex  25-4389,   Este hermoso apartamento en venta en la zona este cuenta con 131 metros2 de espacio habitable Su cocina es moderna y funcional, con amplios espacios para cocinar y almacenar. Las 3 habitaciones son acogedoras y luminosas, 1 de servicio adicional para descansar y relajarse. Los 3 baños completos ofrecen comodidad y privacidad para toda la familia. Además, el balcón brinda una gran vista hacia la avenida.",[99],4 habitaciones,131 m² totales,Tuc Ivrentahouseimp,Andreina Sequera Vende Bello Apartamento En El Este De Barquisimeto,#815853064
"Urbanizacion El Pedregal, Barquisimeto, Barquisimeto, Lara",4 baños,125.000,"Rosa Rodriguez Vende Excelente Apartamento en una de las zonas más exclusivas de la ciudad, este espacioso apartamento consta de 2 habitaciones, la habitación principal con su piso de parque, puertas, estantes de madera caoba, 3 baños, comodidad y privacidad cada habitación cuenta con su baño. Cuenta con cocina totalmente equipada, aire acondicionado, canchas deportivas y 3 puestos de estacionamiento.",[100],3 habitaciones,156 m² totales,Inmueblesrentahousebqto,Rosa Rodriguez Vende Apartamento En Zona Este De Barquisimeto Fc 24-3826,#812563404
"Avenida Venezuela, Barquisimeto, Barquisimeto, Lara",3 baños,75.000,"Rosa Rodriguez Vende Apartamento ubicado en Triangulo del Este conectado a Planta Eléctrica, Iluminación Natural donde te permite disfrutar de una Imponente Vista Panorámica, 140 mtrs2, Piso de Porcelanato, 3 Habitaciones con Closets, 3 Baños, Cocina Eléctrica Empotrada con Tope de Sileston, brindando un Concepto Abierto. Cuenta con 2 Balcones y el Conjunto posee Vigilancia 24/7.",[101],3 habitaciones,140 m² totales,Inmueblesrentahousebqto,Rosa Rodriguez Vende Apartamento En Zona Este De Barquisimeto Fc 25-3578,#812121370
"Barquisimeto, Barquisimeto, Barquisimeto, Lara",2 baños,25.000,"24-9086   G. Domínguez,Hermoso PH en exclusiva zona residencial del Oeste de la Ciudad, de fácil acceso, cercano a Zona Industrial, bancos, estación de servicio, seguro social, centros comerciales, posee piscinas, canchas de basquetbol y tenis, 3 caneyes con parrilleras, parque infantil, puestos de visitantes, vigilancia, cuenta 2 habitaciones 2 baños, closets, cuarto de lavado, cocina moderna en diseño abierto.,Se vende completamente amoblado. Una excelente oportunidad de inversión.",[102],2 habitaciones,62 m² totales,Tuc Ivrentahouseimp,Gehijka Vende Hermoso Apartamento En Zona Oeste,#767166667
"Calle 48 Entre Carrera 28 Y 29, Barquisimeto 3001, Lara, Venezuela, Barquisimeto, Barquisimeto, Lara",1 baño,16.000,"MLS #25-6772,Edel Vargas Renta House ofrece en venta Apartamento en Venta en la Zona del Oeste de Barquisimeto, cercano a centros comerciales, seguros, clínicas, cuenta con 3 habitaciones y un baño, calentador, cocina, sala y comedor, un puesto de estacionamiento, posee ascensor , vigilancia las 24 horas, excelente ubicación no esperes mas contáctame para mayor informacion.",[103],3 habitaciones,63 m² totales,Tuc Ivrentahouseimp,"Edel Vargas Vende Apartamento  En La Zona Del Oeste De Barquisimeto, Piso Alto, Excelente Ubicación / Renta House ",#813108416
"Barquisimeto, Barquisimeto, Barquisimeto, Lara",3 baños,30.000,"Amplio apartamento en venta en importante arteria vial del este de la ciudad, 2 habitaciones, 3 baños, un puesto de estacionamiento, piso bajo, gas y agua constante, centros comerciales y Markets cercanos entre otros. Toma está excelente oportunidad de inversión, comunícate con tu asesor de confianza.",[104],2 habitaciones,116 m² totales,Inmueblesbarquisimeto,Patricia Martinez Vende Apartamento En Residencias Antonel Este De Barquisimeto 25-4149,#817532224
"Carrera 19 & Calle 26, Barquisimeto, Barquisimeto, Lara",2 baños,21.000,"Rosa Rodríguez Vende Hermoso apartamento en Venta Tipo Estudio en el Centro de Barquisimeto posee Ambientes fresco al estilo minimalista a estrenar su remodelación, posee 1 habitación, 2 baños y cocina de granito.",[105],1 habitación,51 m² totales,Inmueblesrentahousebqto,Rosa Rodríguez Vende Apartamento En Barquisimeto Zona Centro 23-23061,#813540848
"Las Trinitarias, Barquisimeto, Barquisimeto, Lara",1 baño,21.500,"Rosa Rodríguez Vende Apartamento en estratégica ubicación al Este de Barquisimeto, de 2 Habitaciones ,1 Baño, Piso de Cerámica, moderna cocina, gas directo por tubería, excelente suministro de agua, cuenta con vigilancia privada, portón eléctrico y puesto de estacionamiento, su maravillosa ubicación lo hace una magnífica oportunidad de inversión.",[106],2 habitaciones,68 m² totales,Inmueblesrentahousebqto,Rosa Rodríguez Vende Apartamento En Barquisimeto Zona Este 24-18313,#813582786
"Barquisimeto, Barquisimeto, Barquisimeto, Lara",3 baños,42.000,"MLS #25-8697,Edel Vargas asesor de Renta House ofrece en venta de apartamento amoblado en el este de ciudad, conectado a planta eléctrica y gas por tubería. Tiene 4 Habitaciones ,3 baños y 1 puesto de estacionamiento. Cuenta con áreas deportivas recreativas. Donde podrás vivir a plenitud con tu familia. Contáctame para mayor informacion.",[107],4 habitaciones,120 m² totales,Tuc Ivrentahouseimp,Edel Vargas Vende Bello Y Amplio  Apartamento En Zona Este De La Ciudad Conectado A Planta Eléctrica Totalmente Amoblado ,#767633929
"Las Trinitarias, Barquisimeto, Barquisimeto, Lara",1 baño,25.000,"Conservado Apartamento en Venta en Urb. Club Hípico Las Trinitarias de Barquisimeto, de 2 Habitaciones ,1 Baño, Piso de Cerámica, cocina sencilla, gas directo por tubería, excelente suministro de agua, cuenta con vigilancia privada, portón eléctrico y puesto de estacionamiento, su estupenda ubicación lo convierte en fabulosa oportunidad de inversión.",[108],2 habitaciones,68 m² totales,Inmueblesbarquisimeto," Vendo Apartamento En Trinitarias, Barquisimeto, Gas Directo, Piso Medio Cod. 25-4658 Nds 25/9",#811079552
"Avenida Pedro León Torres, Barquisimeto, Barquisimeto, Lara",2 baños,34.000,"Descubre tu oasis urbano en Barquisimeto! Este espectacular apartamento de 2 habitaciones combina confort y estilo, con una piscina refrescante a solo pasos de tu puerta. Ubicado en una zona estratégica, disfrutarás de fácil acceso a restaurantes, tiendas y parques. Amplios espacios iluminados, cocina moderna y balcón con vistas panorámicas hacen de este lugar el hogar ideal. Perfecto para ti.",[109],3 habitaciones,82 m² totales,Mlrahdeleste,"Maria Luisa Mendoza Vende Excelente Apartamento En Espectacular Zona De Barquisimeto, Posee 2 Habitaciones, Piscina, Parques, Zona De Fácil Acceso Y Segura 2 5 1 5 8 6                                 ",#811198796
"Urbanizacion Ciudad Roca, Barquisimeto, Barquisimeto, Lara",1 baño,33.500,"Cómodo apartamento tipo estudio, ubicado en uno de los conjuntos mas cotizados del este de la ciudad, Ciudad Roca…sus areas comunes son ideales para recrearte, ejercitarte y relajarte sin necesidad de salir del urbanismo, pues cuenta con piscina, gimnasio, parque infantil, mini market y mucho más. Conectado a planta eléctrica, cuenta con cocina equipada, una habitación con baño y vestier, aires acondicionados, ideal para ti que deseas independizarte o esta empezando tu vida familiar, te garantizo confort, tranquilidad y seguridad. Ven a conocerlo, te espero!!!",[110],1 habitación,44 m² totales,Inmueblesrentahousebqto,## Apartamento En Venta Ciudad Roca Tipo Estudio Planta Electrica Piscina Fgr 25-2533 @@,#812474244
"Calle 61, Barquisimeto, Barquisimeto, Lara",2 baños,45.000,"Raiza Suarez vende Moderno y Sofisticado Apartamento ubicado en complejo urbanístico de data reciente cercano a la av. Rotaria, Colegios, Clínicas, Comercios entre otros. Comprendido por 84 mts2 bien distribuidos en Iluminada y Gustosa Sala Comedor con Balcón, Espectacular Cocina Moderna con desayunador, 3Habitaciones con sus Closets Modernos, Dos Salas de Baño remodeladas, Área de Servicio con Tanque Cilíndrico.,Dos Puestos de Estacionamiento pero por ser de Esquina entran 3 Vehículos cómodos, Maletero. El conjunto le brinda Vigilancia las 24Horas, Parque Infantil, Estacionamiento para Visitantes, Salón de Fiestas. No esperes mas y Agenda tu Cita.",[111],3 habitaciones,84 m² totales,Mlrahdeleste,"% Raiza Suarez Vende Espectacular Apartamento Ubicado En Complejo Urbanístico En El Oeste De Barquisimeto, 2 5 6 8 1 3,  Posee Una Amplitud De 84m2, Espacios Modernos, Estacionamiento Para 3.....     ",#813360852
"Avenida Libertador, Barquisimeto, Barquisimeto, Lara",2 baños,33.000,"Raiza Suarez. Imagina un acogedor apartamento en el este de Barquisimeto, donde la luz del sol se filtra suavemente a través de amplias ventanas, creando un ambiente cálido y acogedor. Al entrar, el suave murmullo del viento acaricia las cortinas, mientras que el aroma fresco de la brisa matutina se mezcla con el sutil olor a café recién hecho que inunda la cocina. Con 3 dormitorios, 2 baños",[112],3 habitaciones,95 m² totales,Mlrahdeleste,"% Raiza Suarez Vende Espectacular Apartamento Ubicado En El Este De Barquisimeto, 2 5 6 6 5 3, Acogedor, Luz Natural, Fresco, 3 Habitaciones Y 2 Baños Super Cálidos Y Acogedores Espacios, Seguro      ",#813567474
"Avenida Lara, Barquisimeto, Barquisimeto, Lara",4 baños,500,"Se Alquila bello y prestigioso Apartamento en el Este de 120mts2, consta de 3 habitaciones con aires acondicionado  c/u, 2 baños completos mas cuarto y baño de servicio, cocina, sala comedor, área de servicio. Edif cuenta con Planta Eléctrica 100% operativa, 2 puestos de estacionamiento techados y laterales. Servicio de Internet Operativo. Vigilancia 24/7. Excelente ubicación cercano a todo tipo de negocios.",[113],4 habitaciones,120 m² totales,Mlrahdeleste,"Gisselle Lobo Alquila Bello Y Prestigioso Apartamento Ubicado En El Este De Barquisimeto, Posee 120m2, Edificio Con Planta Eléctrica, Vigilancia Las 24 Horas, Estratégicamente Ubicado. 2 5 7 4 1 8    ",#813797380
"Avenida Venezuela, Barquisimeto, Barquisimeto, Lara",2 baños,650,Se Alquila apartamento amoblado y con planta eléctrica en pleno triangulo del este su espectacular ubicación junto con las bondades del inmueble te brinda el confort que estaba buscando ofreciendo 3 cómodas habitaciones dos banos area de servicio cocina moderna instalaciones vanguardistas área social y recreativa para niÃ±os 2 puestos de estacionamiento planta eléctrica entre otras bondades,[114],3 habitaciones,98 m² totales,Mlrahdeleste,Maria Luisa Mendoza 2  5  7  6  1  0 Alquila Bello Apartamento Totalmente Amoblada Conectado A Planta Eléctrica En Pleno Triángulo Del Este 3 Cómodas Habitaciones 2 Baños 2 Puestos De Estacionamento  ,#813689780
"Avenida Venezuela, Centro, Barquisimeto, Lara",1 baño,19.000,"Héctor Malavé vende En pleno Centro Oeste de la ciudad de Barquisimeto, 25-8153- este excelente apartamento AMOBLADO, distribuido en 3 cómodas habitaciones, una sala de baño, amplia sala comedor, balcón con hermosa vista, cocina y un puesto de estacionamiento. Cercanos a mercados, farmacias, centros educativos y zona comercial, todo para que puedas tener un cálido hogar. ,No esperes mas, llama a tu asesor de confianza.",[115],3 habitaciones,80 m² totales,Rahlara,"Héctor Malavé Vende En Pleno Centro Oeste De La Ciudad De Barquisimeto, Excelente Apartamento Amoblado, Amplia Sala, Balcón Con Hermosa Vista, Cerca A Mercados, Farmacias, Zona Comercial, ",#767322243
"Avenida Terepaima, Cabudare, Cabudare, Lara",2 baños,36.500,"Julio Martínez vende Hermoso Apartamento, con una Ubicación privilegiada, puesto que se encuentra a 10 min del Este de Barquisimeto. 25-48343- Totalmente Remodelado y con una Amplia y Moderna Cocina diseñada al mejor concepto Abierto.Sus 3 amplias Habitaciones y 2 Baños ofrecen comodidad para quienes Habiten en el, área de Servicio independiente y Balcones para disfrutar del Clima.Ademas el conjunto ofrece Vigilancia Privada.,Contacta a tu asesor de confianza.",[116],3 habitaciones,110 m² totales,Rahlara,"Julio Martínez Vende Hermoso Apartamento, Al Este De Barquisimeto, Remodelado, Amplia Cocina, Área De Servicio Independiente, Vigilancia 24/7, Balcón Para Disfrutar El Clima.",#814576918
"Carrera 30, Centro, Barquisimeto, Lara",1 baño,20.000,"Hmalavé vende Apartamento bellamente remodelado en el centro de Barquisimeto, 25-8484 cercano a comercios transporte escuelas. Piso de Porcelanato, baño remodelado, 3 habitaciones, lavadero calentador. NO SUFRE DE CORTES DE LUZ Y POSEE AGUA CONSTANTE. Estacionamiento cerrado con portón, condominio accesible. CANTV e internet. Una opción única.,Pide tu cita",[117],3 habitaciones,65 m² totales,Rahlara,"Hmalavé Vende Apartamento Bellamente Remodelado En El Centro De Barquisimeto, Cerca A Comercios, Piso De Porcelanato, Luz Y Agua, Cerrado Con Portón Eléctrico, Vigilancia 24/7, Cantv, Internet.",#815722980
"Urbanizacion Patarata, Patarata, Barquisimeto, Lara",3 baños,350,"Julio Martínez tiene Espectacular Apartamento en Alquiler totalmente amoblado en el Este de Barquisimeto, 25-9330- y con una ubicación única, cerca de centros comerciales y Avenidas principales, consta de 3 habitaciones, 3 baños,sala y comedor. Somos Rent-A-House tu mejor opción Inmobiliaria.,Contacta a tu asesor de confianza.",[118],3 habitaciones,90 m² totales,Rahlara,"Julio Martínez Tiene Espectacular Apartamento En Alquiler Totalmente Amoblado En El Este De Barquisimeto, Cerca A Comercios, Avenidas Principales, Amplias Habitaciones .",#767788601
"Av. Venezuela, Barquisimeto, Barquisimeto, Barquisimeto, Lara",2 baños,700,"Flamante y Sofisticado Apartamento ubicado en exclusivo conjunto privado en el Triángulo del Este cercano a Comercios Clínicas Colegios Universidades y principales Avenidas. Comprendido de 98 mts2 revestidos de finos acabados y buen gusto; exquisitos pisos de Porcelanato te darán la bienvenida a una Espectacular Sala Comedor con sus paredes en microcemento y sus detalles en drywall en sus techos.,Su Exclusiva y Moderna Cocina de concepto abierto con revestimientos en Silestone que se integra a cada espacio del Apartamento. Cuenta con una Amplia y Comoda Habitacion Principal con Vestier y Moderna Sala de Baño, Dos Frescas Habitaciones con sus Closets de última Tendencia, una Sala de Baño compartida, Amplia Area de Servicio, Dos Puestos de Estacionamiento y Dos Maleteros. Posee Tanque Cilíndrico con Sistema de Bombeo en área externa que no afecta la estética.,El Apartamento se encuentra Completamente Amoblado con Equipamiento a estrenar y de muy buen gusto que lo hace ser el Hogar Soñado.,El conjunto te brinda vigilancia privada las 24 horas con monitoreo por cámaras de seguridad, Salones de Fiestas, Parque Infantil, Lobby, Planta Eléctrica que le suministra servicio eléctrico a ascensores, áreas comunes y al interior del inmueble. No dejes pasar esta oportunidad y solicita tu cita con tu Asesor Rent-A-House.",[119],3 habitaciones,98 m² totales,Mlrahdeleste,Apartamento En Alquiler En Barquisimeto Triángulo Del Este Comprendido Por 98m2 Finos Acabados Completamente Amoblado! Cod 25 9949 Comunicate Soy Gabi Irastorza                                        ,#817491100
"Barquisimeto, Barquisimeto, Barquisimeto, Lara",2 baños,350,"Karen García te ofrece Moderno apartamento de 92mts2 en alquiler, ubicado en el dinámico oeste de la ciudad. Barquisimeto, 25-9917- Cuenta con 3 habitaciones, 2 baños, semi amoblado, seguridad privada 24/7 y encantadoras áreas comunes. Ideal para la vida urbana contemporánea.,Llama a tu asesora y has tu cita.",[120],3 habitaciones,92 m² totales,Rahlara,"Karen García Te Ofrece Moderno Apartamento En Alquiler Al Oeste De Barquisimeto, Semi Amoblado, Seguridad Y Vigilancia 24/7, Ideal Para La Vida Urbana Contemporánea, ",#817505626
"Barquisimeto, Barquisimeto, Barquisimeto, Lara",2 baños,330,"Rent-A-House Barquisimeto, ofrece en alquiler cómodo, amplio y fresco apartamento, amoblado, localizado en zona centro-oeste de la ciudad con acceso inmejorable por estar adyacente a la av. Libertador de Barquisimeto. El inmueble ubicado en planta baja, cuenta con 3 habitaciones, 2 de ellas equipadas con aire acondicionado, camas, conexión para TV por suscripción, closets, 2 baños equipados,uno d estos con calentador, totalmente operativo, amplia sala comedor, cocina empotrada a gas, nevera, área de lavandería entre otros beneficios, que además de comodidad simplifican la rutina cotidiana.,Todos los servicios al día.,Te invitamos a evaluar esta atractiva alternativa en alquiler junto a nuestro extraordinario equipo de profesionales inmobiliarios.",[121],3 habitaciones,91 m² totales,Saan2719129,"Erika Armeya, Alquila Apartamento En La Avenida Libertador De Barquisimeto. Flex: ",#817776432
"Barquisimeto, Barquisimeto, Barquisimeto, Lara",2 baños,330,"Rent-A-House Barquisimeto, ofrece en alquiler comodo, amplio y fresco apartamento, amoblado, localizado en zona centro-oeste de la ciudad con acceso inmejorable por estar adyacente a la av Libertador de Barquisimeto.. Cuenta con 3 habitaciones, 2 de ellas equipadas con aire acondicionado, camas, conexiÃ³n para TV por suscripciÃ³n, closets, 2 baños equipado,uno d estos con calentador, totalmente operativo, amplia sala comedor, cocina empotrada a gas, nevera, área de lavandería entre otros beneficios, que además de comodidad simplifican la rutina cotidiana.,Todos los servicios al día.,Te invitamos a evaluar esta atractiva alternativa en alquiler junto a nuestro extraordinario equipo de profesionales inmobiliarios.",[122],3 habitaciones,92 m² totales,Saan2719129,"Erika Armeya, Alquila Apartamento Amoblado En La Avenida Libertador De Barquisimeto. Flex: 25-6172",#817802452
"Barquisimeto, Barquisimeto, Barquisimeto, Lara",2 baños,39.000,"Mariel Vegas vende Amplio y cómodo PentHouse duplex ubicado en uno de los mejores urbanismos del oeste de la ciudad. 25-3634- cuenta con piscina, ascensores, bellas áreas verdes, estacionamiento para visitantes,,Pide tu cita.",[123],4 habitaciones,129 m² totales,Rahlara,"Mariel Vegas Vende Amplio Y Cómodo Penthouse Duplex Ubicado En Uno De Los Mejores Urbanismos Del Oeste De La Ciudad. Con Piscina, Estacionamiento Para Visitantes, Vigilancia 24/7.",#817957342
"Av. Los Leones, Barquisimeto, Otros, Barquisimeto, Lara",3 baños,37.000,"Si deseas confort y comodidad. Te ofrecemos hermoso apartamento con una hermosa vista panorámica al Este de la ciudad. En ""Av Los Leones"" Excelente conjunto residencial al Este de Barquisimeto ,Precio: 37.000$ ,Consta de:,• 132 mtrs2 de construcción ,• Excelente ubicación ,• Zona estratégica,• Excelente clima ,* Piso bajo ,• Sin racionamiento de agua,• Vigilancia privada las 24 horas,* 4 habitaciones cómodas y remodeladas con clóset nuevo,* 2 baños originales,* Habitación principal con un espacioso closet y baño privado.,* Cocina empoderada ,* Área de sala y comedor integrados,  ,con amplios espacios acogedores, bien ventilados e iluminados ,* Family room ,* Área lavandería amplia ,BONDADES DEL CONJUNTO:,* Salón para fiestas,• Parque infantil,• Ascensor operativo ,• Áreas verdes,• 1 Puesto de estacionamiento ,• Áreas sociales ,EL CONJUNTO ESTA UBICADO CERCANO A PANADERIAS, CHARCUTERÍAS, CLÍNICAS,  COLEGIOS,  CENTROS COMERCIALES, LICORERÍA, PANADERÍAS Y OTROS.*,Precio: 37.000$",[124],4 habitaciones,132 m² totales,Elegancesky20230920084049,Saidsa Viccionacce Vende Apartamento En Avenida Los Leones Al Este De Barquisimeto ,#817659124
"Avenida Los Leones, Barquisimeto, Barquisimeto, Lara",3 baños,80.000,"Apartamento remodelado y totalmente amoblado en el este av los leones 3 hab, 3 baños, 132.5 mts 2, cocina con electrodomésticos de marca y poco usados, 3 split de 24.000btu, piso porcelanato, filtro de agua con ósmosis inversa, caja fuerte camuflajeada,lavadero en acero inoxidable, calentador de agua general,lavadora, bar,1 puesto de estacionamiento techado, vigilancia 24 horas 2 ascensores. Agendando citas hoy",[125],3 habitaciones,132.5 m² totales,Inmueblesrentahousebqto,Julian Galindez Vende Exclusivo Apartamento Amoblado En Zona Este Barquisimeto  #25-8181,#814447158
"Urbanizacion Nueva Segovia, Nueva Segovia, Barquisimeto, Lara",2 baños,38.000,"Lindo apartamento en excelente ubicación y una vista panorámica le dan la bienvenida con acabados de primera lindos espacios, cocina moderna, 3 habitaciones, dos baños ( habitación principal con Vestier), el conjunto cuenta con planta eléctrica para áreas comunes, áreas verdes, canchas, parque y parrillera. Excelente Oportunidad de Inversion.",[126],3 habitaciones,79 m² totales,Inmueblesbarquisimeto,"Maikelly Zabala Vende Apartamento En Nueva Segovia , Con Planta Eléctrica, Cocina Moderna, Pisos De Porcelanato. Mls 23-  18252 Mz",#812524582
"Barquisimeto, Barquisimeto, Barquisimeto, Lara",1 baño,16.000,"Julio Martínez te ofrece Apartamento en Venta en la Zona del Oeste de Barquisimeto, ,25-6772- cercano a centros comerciales, seguros, clínicas, cuenta con 3 habitaciones y un baño, calentador, cocina, sala y comedor, un puesto de estacionamiento, posee ascensor , vigilancia las 24 horas, excelente ubicación no esperes mas contáctame.,Llama a tu asesor",[127],3 habitaciones,63 m² totales,Rahlara,"Julio Martínez Te Ofrece Apartamento En Venta En La Zona Del Oeste De Barquisimeto, Cerca A Centros Comerciales, Calentador, Ascensor, Vigilancia 24/7.",#817493016
"3j5w+vm9, Barquisimeto 3001, Lara, Venezuela, Barquisimeto, Barquisimeto, Lara",2 baños,39.500,"Amplio Apartamento de 141,75Mts2 compuesto por 4 dormitorios con closets, 2 baños remodelados, área de sala, cocina, lavadero, depósito u oficina. Si deseas comodidad y espacio, esta es tu oportunidad. Contactame ! Maria Elena Oropeza",[128],4 habitaciones,141.75 m² totales,Carrasquel Torres,"Maria Elena Oropeza Cod 25-3992 Apartamento En Venta En Zona Oeste, Lara",#817752642
"Avenida Rotaria, Barquisimeto, Barquisimeto, Lara",2 baños,300,"En Alquiler bello, moderno y exclusivo Apartamento Amoblado y Equipado en el oeste de Barquisimeto, con 99mts2 consta de 3 habitaciones, 2 baños completos, sala comedor y cocina moderna. El conjunto cuenta con PLANTA ELÉCTRICA, puestos de estacionamiento techado, agua constante, salon de fiesta y parque infantil. Somos Rent-A-House..!",[129],3 habitaciones,99 m² totales,Mlrahdeleste,"Apartamento En Alquiler Barquisimeto, Gisselle Lobo Alquila Espectacular Moderno Y Exclusivo Apartamento Totalmente Amoblado Y Equipado En Zona Oeste De La Ciudad Con Planta Eléctrica 2 5 2 8 9 6     ",#815322250
